Domain,TLD,URL,Status Code,Response Time (ms),Has HTML,Content Type,Checked At
google.de,.de,https://www.google.com/,200,194,yes,text/html; charset=UTF-8,2026-09-12T10:42:24.542Z
cloud.de,.de,https://cloud.biz/,403,72,yes,text/html; charset=UTF-8,2026-09-12T10:42:31.278Z
github.de,.de,https://github.com/,200,181,yes,text/html; charset=utf-8,2026-09-12T10:42:35.260Z
google.com,.com,https://www.google.com/,200,188,yes,text/html; charset=UTF-8,2026-09-12T10:42:42.077Z
github.com,.com,https://github.com/,200,188,yes,text/html; charset=utf-8,2026-09-12T10:42:43.486Z
scrapgoldglasgow.com,.com,https://coinsofedinburgh.com/,200,187,yes,text/html;charset=utf-8,2026-09-12T10:48:49.436Z
mxqq1a.com,.com,https://mxqq1a.com/,403,134,yes,text/html; charset=UTF-8,2026-09-12T10:48:58.786Z
playedges.com,.com,https://playedges.com/,200,199,yes,text/html,2026-09-12T10:50:11.128Z
todaysbestbuy.com,.com,https://expireddomains.com/domain/todaysbestbuy.com?utm_source=redi,200,181,yes,text/html; charset=UTF-8,2026-09-12T10:50:11.378Z
passport-inn.com,.com,https://passport-inn.com/,200,200,yes,text/html; charset=UTF-8,2026-09-12T10:50:11.535Z
inexa-ci.com,.com,https://expireddomains.com/domain/inexa-ci.com?utm_source=redi,200,133,yes,text/html; charset=UTF-8,2026-09-12T10:50:11.653Z
girantosela.com,.com,http://www.girantosela.com/?from=%40,200,180,yes,text/html,2026-09-12T10:50:13.906Z
metalgree.com,.com,https://metalgree.com/dashboard,200,75,yes,text/html; charset=utf-8,2026-09-12T10:50:14.686Z
rawurbanculture.com,.com,https://rawurbanculture.com/,200,148,yes,text/html,2026-09-12T10:50:16.772Z
clipupstudio.com,.com,https://www.tryclipup.com/,200,148,yes,text/html; charset=utf-8,2026-09-12T10:50:27.924Z
bacaracuu.com,.com,https://bacaracuu.com/,200,151,yes,text/html;charset=utf-8,2026-09-12T10:50:29.371Z
purposeessencejewelry.com,.com,https://domains.atom.com/lpd/name/purposeessencejewelry.com,403,71,yes,text/html; charset=UTF-8,2026-09-12T10:50:34.368Z
siddhaye.com,.com,https://domains.atom.com/lpd/name/siddhaye.com,403,74,yes,text/html; charset=UTF-8,2026-09-12T10:50:36.677Z
manarandmohanad.com,.com,https://www.manarandmohanad.com/,200,195,yes,text/html; charset=utf-8,2026-09-12T10:50:37.267Z
myriambakir-film.com,.com,http://myriambakir-film.com/,200,165,yes,text/html,2026-09-12T10:50:41.913Z
thetileparlor.com,.com,https://thetileparlor.com/,200,198,yes,text/html;charset=utf-8,2026-09-12T10:50:42.840Z
raajproperties.com,.com,https://raajproperties.com/,200,175,yes,text/html,2026-09-12T10:50:43.924Z
nobleantwi.com,.com,https://nobleantwi.com/,200,192,yes,text/html; charset=utf-8,2026-09-12T10:50:44.064Z
paraniv.com,.com,https://paraniv.com/,200,167,yes,text/html; charset=utf-8,2026-09-12T10:50:44.836Z
wethubporn.com,.com,https://wethubporn.com/age-gate.php?return=%2F,200,158,yes,text/html; charset=UTF-8,2026-09-12T10:50:58.801Z
deqiutv-douyu.com,.com,https://deqiutv-douyu.com/,403,189,yes,text/html; charset=UTF-8,2026-09-12T10:51:09.760Z
condoai-app.com,.com,https://condoai-app.com/,200,188,yes,text/html,2026-09-12T10:51:09.894Z
riverbaybeach.com,.com,https://riverbaybeach.com/,200,175,yes,text/html,2026-09-12T10:51:12.362Z
agrashoecompany.com,.com,https://agrashoecompany.com/,200,140,yes,text/html,2026-09-12T10:51:12.505Z
seaglasstraveldesigns.com,.com,https://seaglasstraveldesigns.com/,200,145,yes,text/html;charset=utf-8,2026-09-12T10:51:15.777Z
royalpeakconstructionpa.com,.com,https://royalpeakconstructionpa.com/,200,183,yes,text/html,2026-09-12T10:51:15.816Z
smhplatform.com,.com,https://smhplatform.com/,200,169,yes,text/html;charset=utf-8,2026-09-12T10:51:15.896Z
salumisantelia.com,.com,http://salumisantelia.com/,200,167,yes,text/html,2026-09-12T10:51:16.685Z
pioneerpts.com,.com,https://pioneerpts.com/,200,185,yes,text/html,2026-09-12T10:51:19.233Z
in-domitable.com,.com,https://scratchpublishing.com/,200,127,yes,text/html; charset=UTF-8,2026-09-12T10:51:19.241Z
safaridoneforyou.com,.com,https://www.safaridoneforyou.com/,200,165,yes,text/html; charset=utf-8,2026-09-12T10:51:32.324Z
tallinntrophy.com,.com,https://www.tallinntrophy.com/,200,187,yes,text/html; charset=UTF-8,2026-09-12T10:51:32.743Z
mypetronix.com,.com,https://mypetronix.com/,200,171,yes,text/html;charset=utf-8,2026-09-12T10:51:32.803Z
sisterfriendgirl.com,.com,https://sisterfriendgirl.com/,200,193,yes,text/html;charset=utf-8,2026-09-12T10:51:34.989Z
flufil.com,.com,http://flufil.com/,200,50,yes,text/html,2026-09-12T10:51:35.471Z
lofimixlab.com,.com,https://lofimixlab.com/,200,124,yes,text/html,2026-09-12T10:51:35.597Z
zlution.com,.com,https://zlution.com/,200,112,yes,text/html,2026-09-12T10:51:40.161Z
effortlesstravelmatch.com,.com,https://effortlesstravelmatch.com/,200,197,yes,text/html;charset=utf-8,2026-09-12T10:51:41.032Z
julesowen.com,.com,https://www.julesowen.com/,200,191,yes,text/html; charset=utf-8,2026-09-12T10:51:41.331Z
websitesecondlook.com,.com,https://websitesecondlook.com/,200,185,yes,text/html,2026-09-12T10:51:41.483Z
liontich.com,.com,https://liontich.com/,200,188,yes,text/html; charset=UTF-8,2026-09-12T10:51:42.491Z
awenhousinggroup.com,.com,http://awenhousinggroup.com/,200,185,yes,text/html,2026-09-12T10:51:59.252Z
atlasguildllc.com,.com,https://atlasguildllc.com/,200,186,yes,text/html;charset=utf-8,2026-09-12T10:51:59.366Z
thumbscene.com,.com,https://thumbscene.com/,200,119,yes,text/html; charset=utf-8,2026-09-12T10:52:13.228Z
thefaithoverfleshjourney.com,.com,https://thefaithoverfleshjourney.com/,200,156,yes,text/html;charset=utf-8,2026-09-12T10:52:13.464Z
kulotbeauty.com,.com,https://domains.atom.com/lpd/name/kulotbeauty.com,403,61,yes,text/html; charset=UTF-8,2026-09-12T10:52:13.520Z
buildingchatbot.com,.com,https://domains.atom.com/lpd/name/BuildingChatBot.com,403,71,yes,text/html; charset=UTF-8,2026-09-12T10:52:17.756Z
shophurry.com,.com,https://www.atom.com/name/ShopHurry,403,109,yes,text/html; charset=UTF-8,2026-09-12T10:52:17.908Z
eeveeos.com,.com,https://eeveeos.com/login,200,186,yes,text/html; charset=utf-8,2026-09-12T10:52:18.862Z
cicadara.com,.com,https://www.onceinmemory.com/,200,152,yes,text/html; charset=UTF-8,2026-09-12T10:52:19.562Z
phillypermitexpediters.com,.com,https://expireddomains.com/domain/phillypermitexpediters.com?utm_source=redi,200,166,yes,text/html; charset=UTF-8,2026-09-12T10:52:20.079Z
maderni.com,.com,http://maderni.com/,200,119,yes,text/html,2026-09-12T10:52:31.194Z
tksellersmall.com,.com,https://tksellersmall.com/,403,99,yes,text/html; charset=utf-8,2026-09-12T10:52:31.773Z
nuvexanterilo.com,.com,http://www.nuvexanterilo.com/?from=%40,200,183,yes,text/html,2026-09-12T10:52:33.610Z
gardenbythebaysg.com,.com,https://gardenbythebaysg.com/,200,163,yes,text/html; charset=utf-8,2026-09-12T10:52:36.687Z
mandbindustrial.com,.com,https://mandbindustrial.com/,200,188,yes,text/html;charset=utf-8,2026-09-12T10:52:36.973Z
alfatehiexpress.com,.com,https://alfatehiexpress.com/,200,150,yes,text/html;charset=utf-8,2026-09-12T10:52:49.652Z
boyabet88xtra.com,.com,https://boyabet88xtra.com/,403,112,yes,text/html; charset=UTF-8,2026-09-12T10:53:14.763Z
amrodroofing.com,.com,https://amrodroofing.com/,200,177,yes,text/html;charset=utf-8,2026-09-12T10:53:18.994Z
softhesis.com,.com,http://www.softhesis.com/,200,168,yes,text/html,2026-09-12T10:53:19.093Z
kataloopberlin.com,.com,https://www.kataloop.com/en,200,35,yes,text/html; charset=utf-8,2026-09-12T10:53:19.195Z
betgaranri1537.com,.com,https://t.ly/WPzkT,403,103,yes,text/html; charset=UTF-8,2026-09-12T10:53:19.260Z
strukturainc.com,.com,https://strukturainc.com/,200,150,yes,text/html;charset=utf-8,2026-09-12T10:53:19.295Z
baithakbythehills.com,.com,https://baithakbythehills.com/,200,174,yes,text/html;charset=utf-8,2026-09-12T10:53:21.731Z
notifikasimandiri.com,.com,https://notifikasimandiri.com/,200,174,yes,text/html,2026-09-12T10:53:23.438Z
calendovix.com,.com,http://www.calendovix.com/?from=%40,200,163,yes,text/html,2026-09-12T10:53:23.844Z
sainig.com,.com,https://sainig.com/,403,140,yes,text/html; charset=UTF-8,2026-09-12T10:53:24.416Z
joindept.com,.com,http://joindept.com/,200,104,yes,text/html; charset=UTF-8,2026-09-12T10:53:33.741Z
futureinthepark.com,.com,http://futureinthepark.com/,200,81,yes,text/html,2026-09-12T10:53:34.427Z
pawsplain.com,.com,https://pawsplain.com/,200,148,yes,text/html; charset=UTF-8,2026-09-12T10:53:36.017Z
fb99bdt.com,.com,https://fb99bdt.com/en-BD/,200,58,yes,text/html; charset=UTF-8,2026-09-12T10:53:36.131Z
orbilyik.com,.com,https://orbilyik.com/,525,154,yes,text/html; charset=UTF-8,2026-09-12T10:53:47.341Z
guernseyheritage.com,.com,http://www.guernseyheritage.com/,200,169,yes,text/html,2026-09-12T10:53:47.368Z
makesolutionusa.com,.com,https://makesolutionusa.com/,200,247,yes,text/html,2026-09-12T10:56:42.286Z
jbaldiviaoblitas.com,.com,https://jbaldiviaoblitas.com/,200,334,yes,text/html; charset=utf-8,2026-09-12T10:56:42.375Z
thebinwashcrew.com,.com,https://thebinwashcrew.com/,200,484,yes,text/html,2026-09-12T10:56:42.721Z
oitabi.com,.com,https://oitabi.com/,200,461,yes,text/html,2026-09-12T10:56:42.838Z
halo-films.com,.com,https://halo-films.com/,200,133,yes,text/html; charset=utf-8,2026-09-12T10:56:42.973Z
esmeleksolutions.com,.com,https://www.esmeleksolutions.com/,200,97,yes,text/html; charset=utf-8,2026-09-12T10:56:43.024Z
robotaxishk.com,.com,https://domainxnames.com/,200,478,yes,text/html,2026-09-12T10:56:43.120Z
nadiratanabayeva.com,.com,https://nadiratanabayeva.com/,200,104,yes,text/html; charset=utf-8,2026-09-12T10:56:43.130Z
sabarmatiofficial.com,.com,https://sabarmatiofficial.com/,200,95,yes,text/html;charset=utf-8,2026-09-12T10:56:43.552Z
codevuln.com,.com,https://codevuln.com/,200,461,yes,text/html,2026-09-12T10:56:43.593Z
canvoil.com,.com,https://canvoil.com/password,200,335,yes,text/html; charset=utf-8,2026-09-12T10:56:43.606Z
justabackpack.com,.com,https://justabackpack.com/welcome,200,466,yes,text/html; charset=utf-8,2026-09-12T10:56:43.811Z
fyicue.com,.com,https://fyicue.com/,200,467,yes,text/html,2026-09-12T10:56:44.074Z
polkusauna.com,.com,https://polkusauna.com/,200,450,yes,text/html,2026-09-12T10:56:44.131Z
brixstrategies.com,.com,https://www.brixstrategies.com/,200,361,yes,text/html,2026-09-12T10:56:44.314Z
brick-back.com,.com,http://brick-back.com/,200,191,yes,text/html,2026-09-12T10:56:44.332Z
nemesisbet234.com,.com,https://nemesisbet234.com/,200,140,yes,text/html; charset=UTF-8,2026-09-12T10:56:44.477Z
lagograndehoa.com,.com,https://lagograndehoa.com/,200,326,yes,text/html,2026-09-12T10:56:44.535Z
earlyquery.com,.com,https://earlyquery.com/,200,458,yes,text/html,2026-09-12T10:56:44.996Z
bookchamberlainone.com,.com,https://www.chamberlainone.com/,200,247,yes,text/html; charset=utf-8,2026-09-12T10:56:45.361Z
herccustomprinting.com,.com,https://herccustomprinting.com/,200,211,yes,text/html; charset=utf-8,2026-09-12T10:56:45.574Z
programbenifits.com,.com,http://programbenifits.com/,200,264,yes,text/html,2026-09-12T10:56:46.119Z
westec-pro.com,.com,http://www.westec-pro.com/,200,416,yes,text/html,2026-09-12T10:56:46.268Z
zyhhsm.com,.com,http://zyhhsm.com/,200,414,yes,text/html; charset=utf-8,2026-09-12T10:56:46.586Z
bplusmart.com,.com,https://bplusmart.com/,200,349,yes,text/html; charset=utf-8,2026-09-12T10:56:46.611Z
aijazengineringservices.com,.com,https://aijazengineringservices.com/,200,146,yes,text/html; charset=utf-8,2026-09-12T10:56:47.505Z
drchangsunpark.com,.com,https://drchangsunpark.com/,200,93,yes,text/html;charset=utf-8,2026-09-12T10:56:47.785Z
garagedoorrepairburlingtonwi.com,.com,https://garagedoorrepairburlingtonwi.com/,200,196,yes,text/html; charset=utf-8,2026-09-12T10:56:47.788Z
holiganbet10094.com,.com,https://holiganbet10094.com/,200,456,yes,text/html,2026-09-12T10:56:47.964Z
agireasoner.com,.com,https://agireasoner.com/,200,444,yes,text/html,2026-09-12T10:56:48.026Z
globalriskbrief.com,.com,https://globalriskbrief.com/,200,95,yes,text/html;charset=utf-8,2026-09-12T10:56:48.076Z
syntheticturfmaintenancegroup.com,.com,https://syntheticturfmaintenancegroup.com/,200,337,yes,text/html; charset=utf-8,2026-09-12T10:56:48.126Z
cqvmedia.com,.com,https://cqvmedia.com/,200,229,yes,text/html; charset=utf-8,2026-09-12T10:56:48.198Z
whsocial.com,.com,https://whsocial.com/,200,233,yes,text/html,2026-09-12T10:56:48.311Z
dailynoblerealm.com,.com,http://www.dailynoblerealm.com/?from=%40,200,159,yes,text/html,2026-09-12T10:56:48.513Z
veyra-life.com,.com,https://veyra-life.com/,200,374,yes,text/html; charset=utf-8,2026-09-12T10:56:48.575Z
camillapereiraugc.com,.com,https://camillapereiraugc.com/,404,191,yes,text/html; charset=utf-8,2026-09-12T10:56:49.054Z
rayterent.com,.com,https://rayterent.com/,200,218,yes,text/html;charset=utf-8,2026-09-12T10:56:49.099Z
kristalvin.com,.com,https://kristalvin.com/,503,121,yes,text/html,2026-09-12T10:56:49.244Z
trystudioninetyeight.com,.com,https://trystudioninetyeight.com/,403,155,yes,text/html,2026-09-12T10:56:49.257Z
getgastrosync.com,.com,https://gastrosync.com//,200,415,yes,text/html; charset=utf-8,2026-09-12T10:56:49.297Z
h-cel.com,.com,http://www.h-cel.com/,200,173,yes,text/html,2026-09-12T10:56:49.713Z
assetdropuk.com,.com,https://assetdropuk.com/,200,164,yes,text/html; charset=utf-8,2026-09-12T10:56:49.817Z
carolinasbuilderservice.com,.com,http://www.carolinasbuilderservice.com/,404,304,yes,text/html; charset=utf-8,2026-09-12T10:56:49.958Z
ezvvv.com,.com,https://www87hg4.cc/,403,168,yes,text/html,2026-09-12T10:56:50.152Z
kilatpecah.com,.com,https://kilatpecah.com/,200,328,yes,text/html,2026-09-12T10:56:50.483Z
radissonbet677.com,.com,https://radissonbet677.com/,403,94,yes,text/html; charset=UTF-8,2026-09-12T10:56:50.685Z
mjpegadogiamusical.com,.com,http://mjpegadogiamusical.com/,404,262,yes,text/html; charset=UTF-8,2026-09-12T10:56:50.955Z
activedimensionsllc.com,.com,https://activedimensionsllc.com/,200,101,yes,text/html;charset=utf-8,2026-09-12T10:56:51.065Z
orangeblossomjewelrydesigns.com,.com,https://orangeblossomjewelrydesigns.com/,404,163,yes,text/html; charset=utf-8,2026-09-12T10:56:51.119Z
wolfyandamigo.com,.com,https://wolfyandamigo.com/,200,173,yes,text/html; charset=UTF-8,2026-09-12T10:56:51.136Z
geopards.com,.com,https://geopards.com/,200,450,yes,text/html,2026-09-12T10:56:51.139Z
profi-webseite.com,.com,http://profi-webseite.com/,200,59,yes,text/html,2026-09-12T10:56:51.159Z
trawunaudiovisual.com,.com,https://trawunaudiovisual.com/,200,112,yes,text/html;charset=utf-8,2026-09-12T10:56:51.181Z
hussainandhussain.com,.com,https://www.hussainandhussain.com/,200,245,yes,text/html; charset=UTF-8,2026-09-12T10:56:51.487Z
graolabrecebimento.com,.com,https://graolabrecebimento.com/,200,340,yes,text/html; charset=UTF-8,2026-09-12T10:56:51.500Z
seaportgtmadvisory.com,.com,https://seaportgtmadvisory.com/,200,451,yes,text/html,2026-09-12T10:56:51.577Z
profpulse.com,.com,http://www.profpulse.com/,200,151,yes,text/html,2026-09-12T10:56:52.076Z
katemadeceramics.com,.com,https://www.katemadeceramics.com/,401,270,yes,text/html;charset=utf-8,2026-09-12T10:56:52.134Z
idrslot4d.com,.com,http://www.idrslot4d.com/,200,170,yes,text/html,2026-09-12T10:56:52.319Z
michella-co.com,.com,https://michella-co.com/,200,478,yes,text/html,2026-09-12T10:56:52.670Z
chiquelook.com,.com,https://chiquelook.com/,200,216,yes,text/html; charset=utf-8,2026-09-12T10:56:53.789Z
alannranch.com,.com,https://alannranch.com/,404,367,yes,text/html; charset=utf-8,2026-09-12T10:56:53.990Z
lumineuxstore.com,.com,https://lumineuxstore.com/,200,431,yes,text/html; charset=utf-8,2026-09-12T10:56:54.271Z
sidibagroup.com,.com,http://sidibagroup.com/,200,160,yes,text/html,2026-09-12T10:56:54.284Z
brif-it.com,.com,https://brif-it.com/,200,455,yes,text/html,2026-09-12T10:56:54.727Z
the3333.com,.com,https://www.the3333.com/ne-np,200,493,yes,text/html; charset=utf-8,2026-09-12T10:56:54.834Z
gla-edi.com,.com,https://www.gla-edi.com/,200,187,yes,text/html;charset=utf-8,2026-09-12T10:56:55.038Z
mipropiedadtecate.com,.com,https://mipropiedadtecate.com/,200,426,yes,text/html; charset=UTF-8,2026-09-12T10:56:55.429Z
allonfi.com,.com,https://allonfi.com/,200,458,yes,text/html,2026-09-12T10:56:55.498Z
todosbane.com,.com,https://todosbane.com/,200,387,yes,text/html; charset=UTF-8,2026-09-12T10:56:56.222Z
foundandlovedit.com,.com,https://foundandlovedit.com/password,200,321,yes,text/html; charset=utf-8,2026-09-12T10:56:56.338Z
ttzb7.com,.com,https://ttzb7.com/,200,460,yes,text/html,2026-09-12T10:56:56.416Z
lilmantires.com,.com,https://lilmantire.com/,200,98,yes,text/html;charset=utf-8,2026-09-12T10:56:56.518Z
acesspassloyalty.com,.com,http://acesspassloyalty.com/,200,290,yes,text/html,2026-09-12T10:56:56.527Z
hesper-ai.com,.com,https://hesper-ai.com/,200,449,yes,text/html,2026-09-12T10:56:56.867Z
elite-leader.com,.com,https://elite-leader.com/,200,99,yes,text/html;charset=utf-8,2026-09-12T10:56:56.880Z
goldenbridgefunding.com,.com,https://www.hugedomains.com/domain_profile.cfm?d=goldenbridgefunding.com,200,222,yes,text/html; charset=utf-8,2026-09-12T10:56:56.952Z
cookiescourt.com,.com,https://cookiescourt.com/,200,155,yes,text/html,2026-09-12T10:56:57.025Z
patapscoriskadvisors.com,.com,http://www.patapscoriskadvisors.com/,200,152,yes,text/html,2026-09-12T10:56:57.041Z
beenglobe.com,.com,https://beenglobe.com/,200,196,yes,text/html,2026-09-12T10:56:57.074Z
tiptop-gebaeudeservice.com,.com,http://tiptop-gebaeudeservice.com/,200,244,yes,text/html,2026-09-12T10:56:57.256Z
yourshitstinkstoo.com,.com,https://yourshitstinkstoo.com/,200,460,yes,text/html,2026-09-12T10:56:57.487Z
casino-cuntspin-au.com,.com,http://www.casino-cuntspin-au.com/,200,94,yes,text/html,2026-09-12T10:56:58.681Z
hunaria.com,.com,http://hunaria.com/,200,268,yes,text/html; charset=UTF-8,2026-09-12T10:56:58.875Z
enawindows.com,.com,https://enawindows.com/,200,174,yes,text/html; charset=utf-8,2026-09-12T10:56:59.054Z
thescienceofultraperformance.com,.com,https://thescienceofultraperformance.com/,200,462,yes,text/html,2026-09-12T10:56:59.100Z
apeironmedia.com,.com,https://apeironmedia.com/,200,452,yes,text/html,2026-09-12T10:56:59.144Z
dosugirls-voronezh.com,.com,http://dosugirls-voronezh.com/,200,273,yes,text/html; charset=UTF-8,2026-09-12T10:56:59.311Z
spamobiles.com,.com,https://spamobiles.com/,200,276,yes,text/html,2026-09-12T10:56:59.335Z
lecremeclub.com,.com,http://lecremeclub.com/,200,201,yes,text/html,2026-09-12T10:56:59.504Z
michaeliaria.com,.com,http://michaeliaria.com/,200,252,yes,text/html,2026-09-12T10:56:59.637Z
usvdrone.com,.com,https://usvdrone.com/,200,463,yes,text/html,2026-09-12T10:56:59.800Z
primoatventures.com,.com,https://primoatventures.com/,200,149,yes,text/html; charset=utf-8,2026-09-12T10:56:59.880Z
importacionestapia.com,.com,https://importacionestapia.com/,200,197,yes,text/html,2026-09-12T10:57:00.144Z
clement-ackermann-photographe.com,.com,https://clement-ackermann-photographe.com/,404,191,yes,text/html; charset=utf-8,2026-09-12T10:57:00.488Z
montekilla.com,.com,http://montekilla.com/,200,222,yes,text/html,2026-09-12T10:57:00.896Z
thehydrojugsus.com,.com,https://thehydrojugsus.com/,403,192,yes,text/html; charset=UTF-8,2026-09-12T10:57:00.961Z
environment-events.com,.com,https://future-bridge.eu/,200,290,yes,text/html; charset=UTF-8,2026-09-12T10:57:01.020Z
rosaliesroost.com,.com,https://rosaliesroost.com/,404,198,yes,text/html; charset=utf-8,2026-09-12T10:57:01.097Z
hamidsedadi.com,.com,https://hamidsedadi.com/,200,363,yes,text/html; charset=UTF-8,2026-09-12T10:57:02.460Z
heychrisandgina.com,.com,https://chrisandgina.co/,200,332,yes,text/html; charset=utf-8,2026-09-12T10:57:02.481Z
theubiquitousbee.com,.com,http://www.theubiquitousbee.com/,200,99,yes,text/html,2026-09-12T10:57:02.545Z
villaofmysuru.com,.com,https://villaofmysuru.com/,200,457,yes,text/html,2026-09-12T10:57:02.556Z
correctpst.com,.com,https://correctpst.com/,200,154,yes,text/html; charset=utf-8,2026-09-12T10:57:02.617Z
jomwear.com,.com,https://jomwear.com/,200,440,yes,text/html; charset=utf-8,2026-09-12T10:57:02.631Z
filecobaltforge.com,.com,https://filecobaltforge.com/,200,152,yes,text/html; charset=UTF-8,2026-09-12T10:57:02.710Z
manoaemergency.com,.com,http://www.manoaemergency.com/,200,96,yes,text/html,2026-09-12T10:57:03.114Z
jojobet10442.com,.com,http://jojobet10442.com/,200,302,yes,text/html,2026-09-12T10:57:03.216Z
charmodels.com,.com,https://www.charmodels.com/,200,99,yes,text/html; charset=utf-8,2026-09-12T10:57:12.158Z
harleygervais.com,.com,https://thegeight.ca/,200,139,yes,text/html;charset=utf-8,2026-09-12T10:57:12.316Z
successfulservicesllc.com,.com,https://successfulservicesllc.com/,200,229,yes,text/html,2026-09-12T10:57:12.367Z
tacticalreverence.com,.com,https://tacticalreverence.com/,200,95,yes,text/html;charset=utf-8,2026-09-12T10:57:12.414Z
quiet-way.com,.com,https://quiet-way.com/,200,454,yes,text/html,2026-09-12T10:57:12.733Z
betirobr.com,.com,https://betirobr.com/,200,410,yes,text/html,2026-09-12T10:57:12.828Z
kenjimultiservices.com,.com,https://kenjimultiservices.com/connexion/,200,165,yes,text/html; charset=utf-8,2026-09-12T10:57:13.005Z
initiatesg.com,.com,https://www.strongest.fi/,200,291,yes,text/html; charset=utf-8,2026-09-12T10:57:13.180Z
superme50plus.com,.com,https://superme50plus.com/,200,304,yes,text/html,2026-09-12T10:57:21.241Z
albaraka-ventures.com,.com,https://albaraka-ventures.com/,200,176,yes,text/html; charset=utf-8,2026-09-12T10:57:21.336Z
entonaje.com,.com,https://entonaje.com/,200,133,yes,text/html; charset=utf-8,2026-09-12T10:57:21.353Z
estetikart.com,.com,https://www.estetikart.com/,200,277,yes,text/html; charset=UTF-8,2026-09-12T10:57:21.433Z
3655ki.com,.com,https://3655ki.com/,200,379,yes,text/html; charset=utf-8,2026-09-12T10:57:21.534Z
legacymultiservice.com,.com,https://legacymultiservice.com/,200,109,yes,text/html;charset=utf-8,2026-09-12T10:57:21.548Z
ivqlfinance.com,.com,https://ivqlfinance.com/,200,429,yes,text/html; charset=utf-8,2026-09-12T10:57:21.790Z
wisond.com,.com,https://wisond.com/,200,454,yes,text/html,2026-09-12T10:57:21.792Z
starzbet665.com,.com,http://www.starzbet665.com/,200,131,yes,text/html,2026-09-12T10:57:21.934Z
bossbaeblair.com,.com,https://bossbaeblair.com/sales-page-page-987097,200,228,yes,text/html; charset=utf-8,2026-09-12T10:57:21.977Z
dreamzino3.com,.com,https://dreamzino3.com/,200,469,yes,text/html,2026-09-12T10:57:22.147Z
felixfamilyoffice.com,.com,https://felixfamilyoffice.com/,200,96,yes,text/html;charset=utf-8,2026-09-12T10:57:22.468Z
completeduramaxtuningsolutions.com,.com,https://www.completeduramaxtuningsolutions.com/,200,134,yes,text/html; charset=UTF-8,2026-09-12T10:57:22.682Z
aktuell-hamburg.com,.com,https://aktuell-hamburg.com/,404,226,yes,text/html,2026-09-12T10:57:22.797Z
annkayglobal.com,.com,https://annkayglobal.com/,200,133,yes,text/html,2026-09-12T10:57:22.818Z
affordableservicesut.com,.com,https://affordableservicesut.com/,200,96,yes,text/html;charset=utf-8,2026-09-12T10:57:22.916Z
dljsecurity.com,.com,https://dljsecurity.com/,200,118,yes,text/html;charset=utf-8,2026-09-12T10:57:22.916Z
naramootah.com,.com,https://naramootah.com/yunohost/sso/?r=aHR0cHM6Ly9uYXJhbW9vdGFoLmNvbS8=,200,207,yes,text/html,2026-09-12T10:57:23.163Z
gowithlegal.com,.com,https://gowithlegal.com/,200,133,yes,text/html,2026-09-12T10:57:23.300Z
lifeinsurancebianca.com,.com,https://storied-pithivier-2f8307.netlify.app/,404,250,yes,text/html,2026-09-12T10:57:23.603Z
soberirishatlas.com,.com,https://soberirishatlas.com/,200,465,yes,text/html,2026-09-12T10:57:23.842Z
jojobet10282.com,.com,http://jojobet10282.com/,200,303,yes,text/html,2026-09-12T10:57:23.912Z
novuality.com,.com,https://domains.atom.com/lpd/name/novuality.com,403,114,yes,text/html; charset=UTF-8,2026-09-12T10:57:24.129Z
aladept.com,.com,https://aladept.com/password,200,285,yes,text/html; charset=utf-8,2026-09-12T10:57:24.316Z
myjkenterprises.com,.com,https://www.myjkenterprises.com/,200,95,yes,text/html; charset=utf-8,2026-09-12T10:57:24.317Z
everydayjoeai.com,.com,https://everydayjoeai.com/,200,94,yes,text/html;charset=utf-8,2026-09-12T10:57:24.414Z
8bitheartbeats.com,.com,http://8bitheartbeats.com/,200,255,yes,text/html,2026-09-12T10:57:24.694Z
gravestarot.com,.com,https://www.gravestarot.com/,200,116,yes,text/html; charset=UTF-8,2026-09-12T10:57:24.708Z
artkeis.com,.com,https://artkeis.com/,200,128,yes,text/html,2026-09-12T10:57:24.825Z
lovegoodapp.com,.com,https://lovegoodapp.com/,200,132,yes,text/html; charset=utf-8,2026-09-12T10:57:25.104Z
farkonaintegrated.com,.com,https://farkonaintegrated.com/,200,334,yes,text/html,2026-09-12T10:57:25.162Z
puentefuturoscollective.com,.com,https://puentefuturoscollective.com/,200,460,yes,text/html,2026-09-12T10:57:25.169Z
happytownlife.com,.com,https://happytownlife.com/,200,96,yes,text/html;charset=utf-8,2026-09-12T10:57:25.210Z
acyachina-us.com,.com,https://acyachina-us.com/,403,67,yes,text/html; charset=UTF-8,2026-09-12T10:57:25.253Z
360matchlens.com,.com,https://360matchlens.com/,200,155,yes,text/html; charset=utf-8,2026-09-12T10:57:25.273Z
carlosdiasphoto.com,.com,https://carlosdiasphoto.com/,200,170,yes,text/html; charset=utf-8,2026-09-12T10:57:25.380Z
ejeviagens.com,.com,https://ejeviagens.com/,200,165,yes,text/html,2026-09-12T10:57:25.547Z
stevengaryproperties.com,.com,https://stevengaryproperties.com/,200,91,yes,text/html;charset=utf-8,2026-09-12T10:57:25.556Z
coregreenengineeringv2.com,.com,https://coregreenengineeringv2.com/,200,396,yes,text/html; charset=utf-8,2026-09-12T10:57:25.671Z
thinkhightower.com,.com,https://www.thinkhightower.com/,200,209,yes,text/html; charset=UTF-8,2026-09-12T10:57:25.791Z
collinsabudu.com,.com,https://collinsabudu.com/,200,188,yes,text/html; charset=utf-8,2026-09-12T10:57:25.862Z
silvia-naujoks.com,.com,http://silvia-naujoks.com/,404,55,yes,text/html; charset=iso-8859-1,2026-09-12T10:57:25.958Z
growquickfinance.com,.com,https://growquickfinance.com/,200,462,yes,text/html,2026-09-12T10:57:26.010Z
auditloft.com,.com,https://auditloft.com/,200,159,yes,text/html; charset=utf-8,2026-09-12T10:57:26.080Z
caribfalconselectja.com,.com,https://caribfalconselectja.com/,200,96,yes,text/html; charset=utf-8,2026-09-12T10:57:26.108Z
renhouse-nessebar.com,.com,https://renhouse-nessebar.com/,200,155,yes,text/html; charset=utf-8,2026-09-12T10:57:26.116Z
v88hg.com,.com,https://v88hg.com/,403,134,yes,text/html,2026-09-12T10:57:26.216Z
aiworkerteam.com,.com,https://aiworkerteam.com/,200,98,yes,text/html;charset=utf-8,2026-09-12T10:57:26.272Z
skycustomtshirts.com,.com,https://skycustomtshirts.com/,200,468,yes,text/html,2026-09-12T10:57:26.333Z
livesolarsystem.com,.com,https://livesolarsystem.com/,200,161,yes,text/html;charset=utf-8,2026-09-12T10:57:26.548Z
sergiytango.com,.com,https://sergiytango.com/,200,256,yes,text/html,2026-09-12T10:57:27.465Z
survivedandwell.com,.com,https://survivedandwell.wordpress.com/,200,344,yes,text/html; charset=UTF-8,2026-09-12T10:57:27.533Z
studiolegaletotaro.com,.com,https://studiolegaletotaro.com/,200,205,yes,text/html; charset=UTF-8,2026-09-12T10:57:27.680Z
azothe.com,.com,https://azothe.com/,200,186,yes,text/html; charset=utf-8,2026-09-12T10:57:27.892Z
indielenoresolutionsllc.com,.com,https://indielenoresolutionsllc.com/,200,458,yes,text/html,2026-09-12T10:57:28.144Z
tanukios.com,.com,http://tanukios.com/,200,75,yes,text/html; charset=UTF-8,2026-09-12T10:57:28.181Z
gracehaygoodromance.com,.com,http://www.gracehaygoodromance.com/,200,185,yes,text/html,2026-09-12T10:57:28.207Z
umerafolein.com,.com,http://www.umerafolein.com/?from=%40,200,210,yes,text/html,2026-09-12T10:57:28.341Z
anxkh.com,.com,https://anxkh.com/,200,412,yes,text/html,2026-09-12T10:57:28.688Z
luridxprojects.com,.com,https://luridxprojects.com/,200,135,yes,text/html; charset=utf-8,2026-09-12T10:57:28.832Z
padelsportalaska.com,.com,https://padelsportalaska.com/,200,79,yes,text/html; charset=utf-8,2026-09-12T10:57:28.853Z
terrypickard.com,.com,https://terrypickard.com/,401,241,yes,text/html;charset=utf-8,2026-09-12T10:57:29.075Z
deltadentalinsuranceflorida.com,.com,https://deltadentalinsuranceflorida.com/,200,440,yes,text/html,2026-09-12T10:57:29.090Z
doctor-brasil.com,.com,https://doctor-near.com/doctor-in-brazil/,200,242,yes,text/html; charset=UTF-8,2026-09-12T10:57:29.201Z
cyclingnotebookv.com,.com,https://cyclingnotebookv.com/,200,272,yes,text/html; charset=utf-8,2026-09-12T10:57:29.363Z
theleprasadwedding.com,.com,http://www.theleprasadwedding.com/,200,99,yes,text/html,2026-09-12T10:57:29.435Z
xn--vinculaocontas-internacionais-cpc7j.com,.com,https://www.xn--vinculaocontas-internacionais-cpc7j.com/,200,120,yes,text/html; charset=UTF-8,2026-09-12T10:57:29.510Z
wellenlabel.com,.com,https://wellenlabel.com/,200,303,yes,text/html; charset=UTF-8,2026-09-12T10:57:29.669Z
lagarderealestate.com,.com,https://lagarderealestate.com/,200,93,yes,text/html;charset=utf-8,2026-09-12T10:57:29.785Z
zhengxingask.com,.com,https://zhengxingask.com/,200,416,yes,text/html;charset=utf-8,2026-09-12T10:57:29.854Z
vectorapoint.com,.com,https://vectorapoint.com/,200,118,yes,text/html,2026-09-12T10:57:29.905Z
reedlinetextile.com,.com,https://reedlinetextile.com/,200,282,yes,text/html,2026-09-12T10:57:29.908Z
beloriaofficial.com,.com,https://www.beloriaofficial.com/,200,232,yes,text/html; charset=utf-8,2026-09-12T10:57:29.921Z
juraganslotresmi.com,.com,https://juraganslotresmi.com/,200,264,yes,text/html,2026-09-12T10:57:29.941Z
balirondreis.com,.com,https://expireddomains.com/domain/balirondreis.com?utm_source=redi,200,181,yes,text/html; charset=UTF-8,2026-09-12T10:57:30.302Z
dhoomdhadaka.com,.com,https://dhoomdhadaka.com/,200,458,yes,text/html,2026-09-12T10:57:30.365Z
agristik.com,.com,https://agristik.com/,200,452,yes,text/html,2026-09-12T10:57:30.395Z
energarixai.com,.com,https://energarixai.com/,200,183,yes,text/html; charset=utf-8,2026-09-12T10:57:30.585Z
cbusgreenenergy.com,.com,http://www.cbusgreenenergy.com/,200,101,yes,text/html,2026-09-12T10:57:30.648Z
get-it-sourcing.com,.com,http://get-it-sourcing.com/,200,85,yes,text/html,2026-09-12T10:57:30.777Z
ravensby.com,.com,http://ravensby.com/,200,421,yes,text/html,2026-09-12T10:57:30.831Z
elmgla.com,.com,https://elmgla.com/,200,103,yes,text/html;charset=utf-8,2026-09-12T10:57:30.935Z
lindendewitt.com,.com,https://lindendewitt.com/,200,299,yes,text/html; charset=utf-8,2026-09-12T10:57:31.078Z
myaveji.com,.com,https://myaveji.com/,200,458,yes,text/html,2026-09-12T10:57:31.098Z
swenningsportsmedia.com,.com,https://swenningsportsmedia.com/,200,192,yes,text/html; charset=UTF-8,2026-09-12T10:57:31.370Z
beritaterkinitv.com,.com,https://beritaterkinitv.com/,200,329,yes,text/html; charset=UTF-8,2026-09-12T10:57:31.786Z
untldapp.com,.com,https://untldapp.com/,200,95,yes,text/html;charset=utf-8,2026-09-12T10:57:31.883Z
3dmdiscerndevelopdeploy.com,.com,https://3dmdiscerndevelopdeploy.com/,200,291,yes,text/html; charset=UTF-8,2026-09-12T10:57:32.191Z
inoxred.com,.com,https://inoxred.com/,200,467,yes,text/html; charset=utf-8,2026-09-12T10:57:32.349Z
bellvercard.com,.com,http://bellvercard.com/,200,257,yes,text/html,2026-09-12T10:57:32.505Z
gestiondevisaszaragoza.com,.com,https://gestiondevisaszaragoza.com/,200,159,yes,text/html; charset=utf-8,2026-09-12T10:57:32.665Z
lapatronarestaurantga.com,.com,https://lapatronarestaurantga.com/,200,360,yes,text/html; charset=UTF-8,2026-09-12T10:57:32.711Z
theagatelier.com,.com,https://theagatelier.com/,200,97,yes,text/html;charset=utf-8,2026-09-12T10:57:33.251Z
themetadatasociety.com,.com,https://www.themetadatasociety.com/,401,225,yes,text/html;charset=utf-8,2026-09-12T10:57:33.614Z
gtxautoparts.com,.com,https://gtxautoparts.com/,200,452,yes,text/html,2026-09-12T10:57:33.710Z
wendiwaitsmd.com,.com,https://www.wendiwaitsmd.com/,401,232,yes,text/html;charset=utf-8,2026-09-12T10:57:34.015Z
museapprove.com,.com,https://museapprove.com/,200,459,yes,text/html,2026-09-12T10:57:34.182Z
set-forge.com,.com,https://set-forge.com/,404,137,yes,text/html,2026-09-12T10:57:34.304Z
zz77k.com,.com,https://zz77k.com/,200,430,yes,text/html; charset=UTF-8,2026-09-12T10:57:34.619Z
studio-cooke.com,.com,https://studio-cooke.com/,200,457,yes,text/html,2026-09-12T10:57:34.763Z
holapastaar.com,.com,https://holapastaar.com/,200,105,yes,text/html;charset=utf-8,2026-09-12T10:57:34.870Z
gapling.com,.com,https://gapling.com/,200,101,yes,text/html;charset=utf-8,2026-09-12T10:57:34.966Z
next20flooring.com,.com,http://www.next20flooring.com/,200,100,yes,text/html,2026-09-12T10:57:35.027Z
cyberanalyste.com,.com,https://cyberanalyste.com/,200,129,yes,text/html,2026-09-12T10:57:35.034Z
summerlandpickleball.com,.com,https://domains.atom.com/lpd/name/summerlandpickleball.com,403,64,yes,text/html; charset=UTF-8,2026-09-12T10:57:35.555Z
boyabet88orbit.com,.com,https://boyabet88orbit.com/,403,67,yes,text/html; charset=UTF-8,2026-09-12T10:57:35.700Z
thinkaheadgames.com,.com,https://thinkaheadgames.com/,200,202,yes,text/html; charset=UTF-8,2026-09-12T10:57:35.833Z
kidifytoys.com,.com,https://kidifytoys.com/,200,353,yes,text/html; charset=utf-8,2026-09-12T10:57:36.189Z
wizejobs.com,.com,https://www.hugedomains.com/domain_profile.cfm?d=wizejobs.com,200,226,yes,text/html; charset=utf-8,2026-09-12T10:57:37.310Z
clovisbearsbaseball.com,.com,https://clovisbearsbaseball.com/,200,484,yes,text/html,2026-09-12T10:57:37.797Z
abuahmadgemstones.com,.com,http://abuahmadgemstones.com/,200,364,yes,text/html,2026-09-12T10:57:46.504Z
raibal-ltd.com,.com,https://raibal-ltd.com/,200,105,yes,text/html;charset=utf-8,2026-09-12T10:57:46.568Z
womeninnovatetogether.com,.com,https://www.womeninnovatetogether.com/,200,121,yes,text/html; charset=utf-8,2026-09-12T10:57:46.608Z
telegramclubbkk.com,.com,https://telegramclubbkk.com/,200,108,yes,text/html;charset=utf-8,2026-09-12T10:57:46.624Z
nokaaxl.com,.com,https://www.nokaaxl.com/,200,160,yes,text/html; charset=utf-8,2026-09-12T10:57:46.833Z
jadebey.com,.com,https://jadebey.com/,200,314,yes,text/html; charset=utf-8,2026-09-12T10:57:46.884Z
heartsidevet.com,.com,https://heartsidevet.com/,200,457,yes,text/html,2026-09-12T10:57:47.082Z
scottthompsonconstruction.com,.com,https://scottthompsonconstruction.com/,200,56,yes,text/html; charset=UTF-8,2026-09-12T10:57:57.157Z
tasleefah.com,.com,https://www.tasleefah.com/,200,96,yes,text/html; charset=utf-8,2026-09-12T10:57:57.272Z
sethignite.com,.com,https://sethignite.com/,200,129,yes,text/html; charset=utf-8,2026-09-12T10:57:57.280Z
livinginaiken.com,.com,https://livinginaiken.com/,200,92,yes,text/html;charset=utf-8,2026-09-12T10:57:57.329Z
countwhatmatters.com,.com,https://countwhatmatters.com/,200,78,yes,text/html,2026-09-12T10:57:57.353Z
boucheriedefargues.com,.com,https://boucheriedefargues.com/,200,119,yes,text/html;charset=utf-8,2026-09-12T10:57:57.450Z
drmeganbradley.com,.com,https://drmeganbradley.com/,200,403,yes,text/html,2026-09-12T10:57:57.758Z
yavuzototransfer.com,.com,https://www.yavuzototransfer.com/,200,163,yes,text/html; charset=UTF-8,2026-09-12T10:57:57.847Z
zigmio.com,.com,https://zigmio.com/,200,136,yes,text/html,2026-09-12T10:57:57.903Z
vowenvy.com,.com,https://vowenvy.com/,200,97,yes,text/html;charset=utf-8,2026-09-12T10:57:57.947Z
rampeeker.com,.com,https://rampeeker.com/,200,102,yes,text/html;charset=utf-8,2026-09-12T10:57:58.005Z
laboroincapacidades.com,.com,https://www.laboroincapacidades.com/,200,90,yes,text/html; charset=utf-8,2026-09-12T10:57:58.194Z
vvkuj.com,.com,https://vvkuj.com/,200,117,yes,text/html; charset=utf-8,2026-09-12T10:57:58.196Z
alrrwellbeing.com,.com,https://www.alrrwellbeing.com/,401,223,yes,text/html;charset=utf-8,2026-09-12T10:57:58.539Z
kiplosolutions.com,.com,https://kiplosolutions.com/,200,385,yes,text/html; charset=utf-8,2026-09-12T10:57:58.929Z
b-rentnoleggioauto.com,.com,https://www.b-rentnoleggioauto.com/,200,166,yes,text/html; charset=UTF-8,2026-09-12T10:57:59.446Z
grexport.com,.com,https://grexport.com/,200,97,yes,text/html;charset=utf-8,2026-09-12T10:57:59.547Z
thrivethroughanything.com,.com,http://www.thrivethroughanything.com/,200,96,yes,text/html,2026-09-12T10:57:59.733Z
wfhxly.com,.com,https://wfhxly.com/,403,371,yes,text/html;charset=utf8,2026-09-12T10:57:59.921Z
racebase-one.com,.com,https://racebase-one.com/,200,457,yes,text/html,2026-09-12T10:58:00.190Z
mommy-ok.com,.com,https://mommy-ok.com/,200,101,yes,text/html;charset=utf-8,2026-09-12T10:58:00.455Z
wawwwaclothing.com,.com,http://wawwwaclothing.com/,200,270,yes,text/html,2026-09-12T10:58:00.845Z
strivesock.com,.com,https://www.strivesock.com/,200,222,yes,text/html; charset=utf-8,2026-09-12T10:58:01.159Z
infinitivecapitalhq.com,.com,https://www.infinitivecapital.com/,200,177,yes,text/html; charset=UTF-8,2026-09-12T10:58:01.599Z
theshariastore.com,.com,https://theshariastore.com/,200,104,yes,text/html;charset=utf-8,2026-09-12T10:58:02.181Z
deadhoursclub.com,.com,https://deadhoursclub.com/,200,187,yes,text/html; charset=utf-8,2026-09-12T10:58:02.589Z
kiomin.com,.com,https://kiomin.com/,200,100,yes,text/html;charset=utf-8,2026-09-12T10:58:02.608Z
kntime01.com,.com,https://kntime01.com/,403,60,yes,text/html; charset=UTF-8,2026-09-12T10:58:02.935Z
liamsfitness.com,.com,https://www.liamsfitness.com/,200,303,yes,text/html; charset=UTF-8,2026-09-12T10:58:02.986Z
testeteclado.com,.com,https://testeteclado.com/,200,114,yes,text/html; charset=utf-8,2026-09-12T10:58:03.052Z
thechamberlainone.com,.com,https://www.chamberlainone.com/,200,94,yes,text/html; charset=utf-8,2026-09-12T10:58:03.384Z
blackqueensconnect.com,.com,https://blackqueensconnect.com/,200,453,yes,text/html,2026-09-12T10:58:03.505Z
semeru99.com,.com,https://semeru99.com/,200,155,yes,text/html; charset=UTF-8,2026-09-12T10:58:03.540Z
urbannodehq.com,.com,https://urbannodehq.com/,200,107,yes,text/html;charset=utf-8,2026-09-12T10:58:03.617Z
rivoseasons.com,.com,https://rivoseasons.com/,200,92,yes,text/html;charset=utf-8,2026-09-12T10:58:04.426Z
nourislamicacademy.com,.com,https://www.nourislamicacademy.com/,200,110,yes,text/html; charset=utf-8,2026-09-12T10:58:04.450Z
mirevq.com,.com,http://mirevq.com/,200,416,yes,text/html,2026-09-12T10:58:04.688Z
livseye.com,.com,https://livseye.com/,200,407,yes,text/html; charset=UTF-8,2026-09-12T10:58:04.835Z
icmarksia.com,.com,https://icmarksia.com/,403,158,yes,text/html,2026-09-12T10:58:04.853Z
strandhagenpartners.com,.com,https://strandhagenpartners.com/,200,163,yes,text/html; charset=UTF-8,2026-09-12T10:58:05.005Z
babyredbook.com,.com,https://babyredbook.com/,200,119,yes,text/html;charset=utf-8,2026-09-12T10:58:05.014Z
zoryvalife.com,.com,https://zoryvalife.com/,200,173,yes,text/html; charset=utf-8,2026-09-12T10:58:05.186Z
soul-librarian.com,.com,https://soul-librarian.com/,200,467,yes,text/html,2026-09-12T10:58:05.484Z
bofa-sec-ath.com,.com,http://bofa-sec-ath.com/,200,261,yes,text/html; charset=utf-8,2026-09-12T10:58:05.712Z
tauchtechnik.com,.com,https://tauchtechnik.com/,200,84,yes,text/html; charset=utf-8,2026-09-12T10:58:06.252Z
xiaopao888.com,.com,https://xiaopao888.com/,404,329,yes,text/html,2026-09-12T10:58:06.584Z
yoursurprisedates.com,.com,http://www.yoursurprisedates.com/,200,459,yes,text/html,2026-09-12T10:58:06.860Z
3aelectrical.com,.com,https://www.3aelectrical.com/,401,234,yes,text/html;charset=utf-8,2026-09-12T10:58:08.472Z
lakebahis790.com,.com,http://www.lakebahis790.com/,200,97,yes,text/html,2026-09-12T10:58:08.526Z
biteflation.com,.com,https://biteflation.com/,200,117,yes,text/html;charset=utf-8,2026-09-12T10:58:08.591Z
xn--sealabierta-2db.com,.com,https://xn--sealabierta-2db.com/,200,447,yes,text/html,2026-09-12T10:58:09.384Z
sultanahmetdoctor.com,.com,https://sultanahmetdoctor.com/,404,200,yes,text/html; charset=utf-8,2026-09-12T10:58:09.813Z
mamadaycafe.com,.com,https://mamadaycafe.com/,200,462,yes,text/html,2026-09-12T10:58:09.839Z
athome-makelaardij.com,.com,https://www.athome-makelaardij.nl/,200,178,yes,text/html; charset=utf-8,2026-09-12T10:58:09.903Z
printnworks.com,.com,https://printnworks.com/,200,95,yes,text/html;charset=utf-8,2026-09-12T10:58:10.110Z
tomcatstudios.com,.com,https://tomcatstudios.com/,200,314,yes,text/html; charset=UTF-8,2026-09-12T10:58:10.156Z
coastallandscapearchitect.com,.com,https://www.coastallandscapearchitect.com/,200,136,yes,text/html; charset=UTF-8,2026-09-12T10:58:10.157Z
roadworthytoowoomba.com,.com,https://roadworthytoowoomba.com/,200,155,yes,text/html;charset=utf-8,2026-09-12T10:58:10.266Z
retroabilia.com,.com,https://retroabilia.com/,200,462,yes,text/html,2026-09-12T10:58:10.280Z
cbtaxbureau.com,.com,https://checksbalancestx.com/,200,465,yes,text/html,2026-09-12T10:58:10.494Z
bothdecks.com,.com,https://bothdecks.com/,404,225,yes,text/html; charset=utf-8,2026-09-12T10:58:11.634Z
insta-pfp.com,.com,https://insta-pfp.com/,200,185,yes,text/html; charset=UTF-8,2026-09-12T10:58:11.717Z
jojobet10063.com,.com,http://jojobet10063.com/,200,305,yes,text/html,2026-09-12T10:58:12.018Z
jeuxdecouverts.com,.com,https://www.jeuxdecouverts.com/,200,315,yes,text/html; charset=utf-8,2026-09-12T10:58:12.277Z
yjygcs.com,.com,https://yjygcs.com/,200,447,yes,text/html,2026-09-12T10:58:12.300Z
wingspireacademy.com,.com,https://www.wingspireacademy.com/,200,212,yes,text/html; charset=utf-8,2026-09-12T10:58:12.456Z
betralli273.com,.com,https://betralli273.com/,200,247,yes,text/html; charset=UTF-8,2026-09-12T10:58:14.082Z
zhuyanlife.com,.com,https://zhuyanlife.com/,200,199,yes,text/html,2026-09-12T10:58:14.166Z
shiseidosuncare.com,.com,https://shiseidosuncare.com/,200,111,yes,text/html,2026-09-12T10:58:14.194Z
novaradigi.com,.com,https://novaradigi.com/,200,116,yes,text/html;charset=utf-8,2026-09-12T10:58:14.217Z
sqd-pro-club.com,.com,https://sqd-pro-club.com/,403,223,yes,text/html; charset=UTF-8,2026-09-12T10:58:14.391Z
ceramicamaadi.com,.com,https://ceramicamaadi.com/,200,327,yes,text/html,2026-09-12T10:58:14.546Z
readyrentalco.com,.com,https://readyrentalco.com/,200,269,yes,text/html;charset=utf-8,2026-09-12T10:58:14.662Z
qnfinder.com,.com,http://www.qnfinder.com/,200,456,yes,text/html,2026-09-12T10:58:14.720Z
crestpointsolutionsllc.com,.com,https://crestpointsolutionsllc.com/,200,82,yes,text/html; charset=utf-8,2026-09-12T10:58:14.747Z
worldnewsreport24.com,.com,https://worldnewsreport24.com/,200,208,yes,text/html; charset=UTF-8,2026-09-12T10:58:14.845Z
gmbkutz.com,.com,https://gmbkutz.com/,200,123,yes,text/html;charset=utf-8,2026-09-12T10:58:14.845Z
ajitkumaar.com,.com,https://www.ajitkumaar.com/,200,141,yes,text/html; charset=utf-8,2026-09-12T10:58:14.856Z
foresterceramics.com,.com,https://www.foresterceramics.com/,401,262,yes,text/html;charset=utf-8,2026-09-12T10:58:14.941Z
certurix.com,.com,https://certurix.com/,200,252,yes,text/html;charset=utf-8,2026-09-12T10:58:15.024Z
900napoletano.com,.com,http://www.900napoletano.it/,200,108,yes,text/html,2026-09-12T10:58:15.103Z
beef-kazino.com,.com,https://beef-kazino.com/,403,90,yes,text/html; charset=UTF-8,2026-09-12T10:58:15.117Z
orlandic.com,.com,https://orlandic.com/,200,262,yes,text/html; charset=utf-8,2026-09-12T10:58:15.136Z
coraldelpacifico.com,.com,https://coraldelpacifico.com/,200,119,yes,text/html;charset=utf-8,2026-09-12T10:58:15.224Z
eyequell.com,.com,http://eyequell.com/,409,46,yes,text/html; charset=UTF-8,2026-09-12T10:58:15.228Z
fortknoxcarclub.com,.com,https://fortknoxcarclub.com/,200,93,yes,text/html;charset=utf-8,2026-09-12T10:58:15.323Z
kikaloretrendspot.com,.com,https://kikaloretrendspot.com/,200,199,yes,text/html; charset=utf-8,2026-09-12T10:58:15.432Z
deposta.com,.com,https://deposta.com/,200,456,yes,text/html,2026-09-12T10:58:15.682Z
jojobet10437.com,.com,http://jojobet10437.com/,200,306,yes,text/html,2026-09-12T10:58:15.742Z
payfolyo.com,.com,https://payfolyo.com/,200,111,yes,text/html;charset=utf-8,2026-09-12T10:58:15.855Z
versatilebaseball.com,.com,https://versatilebaseball.com/,405,223,yes,text/html; charset=UTF-8,2026-09-12T10:58:16.085Z
oceanpearlsgt.com,.com,https://oceanpearlsgt.com/,200,186,yes,text/html,2026-09-12T10:58:16.134Z
htownlivemusic.com,.com,https://www.htownlivemusic.com/,200,162,yes,text/html; charset=UTF-8,2026-09-12T10:58:16.183Z
venusaipros.com,.com,https://venusaipros.com/,200,498,yes,text/html; charset=utf-8,2026-09-12T10:58:16.190Z
newdaysignaturedesserts.com,.com,https://newdaysignaturedesserts.com/,200,443,yes,text/html,2026-09-12T10:58:16.224Z
holmesmr.com,.com,https://www.holmesmr.com/,200,116,yes,text/html; charset=utf-8,2026-09-12T10:58:16.401Z
ysajang.com,.com,https://ysajang.com/,200,219,yes,text/html; charset=utf-8,2026-09-12T10:58:16.445Z
firmavadisi.com,.com,https://firmavadisi.com/,403,170,yes,text/html,2026-09-12T10:58:16.616Z
crincare.com,.com,https://crincare.com/,200,138,yes,text/html,2026-09-12T10:58:17.166Z
smarthomelevated.com,.com,https://smarthomelevated.com/,200,96,yes,text/html;charset=utf-8,2026-09-12T10:58:17.174Z
lotsofcleaningmi.com,.com,https://lotsofcleaningmi.com/,200,152,yes,text/html,2026-09-12T10:58:17.439Z
rotikayalegend.com,.com,https://rotikayalegend.com/,200,99,yes,text/html,2026-09-12T10:58:17.479Z
shahuldelivery.com,.com,https://shahuldelivery.com/,200,159,yes,text/html; charset=utf-8,2026-09-12T10:58:17.613Z
illarissolutions.com,.com,https://www.illarissolutions.com/,200,153,yes,text/html; charset=UTF-8,2026-09-12T10:58:17.776Z
cafeganadara.com,.com,https://cafeganadara.com/,200,78,yes,text/html,2026-09-12T10:58:17.856Z
vidaessencialnatural.com,.com,https://www.vidaessencialnatural.com/,200,113,yes,text/html; charset=UTF-8,2026-09-12T10:58:17.912Z
hzfzdb.com,.com,http://hzfzdb.com/,200,418,yes,text/html; charset=utf-8,2026-09-12T10:58:17.959Z
veritygrade.com,.com,https://www.veritygrade.com/login?next=%2Fintake,200,399,yes,text/html; charset=utf-8,2026-09-12T10:58:18.080Z
ossenne.com,.com,https://ossenne.com/,200,212,yes,text/html,2026-09-12T10:58:18.173Z
stratica-consulting.com,.com,https://stratica-consulting.com/,200,93,yes,text/html;charset=utf-8,2026-09-12T10:58:18.187Z
seventhirtysharp.com,.com,https://seventhirtysharp.com/,200,109,yes,text/html; charset=utf-8,2026-09-12T10:58:18.191Z
zaferbet922.com,.com,http://www.zaferbet922.com/,200,102,yes,text/html,2026-09-12T10:58:18.283Z
sangeetacommunication.com,.com,https://sangeetacommunication.com/,200,113,yes,text/html;charset=utf-8,2026-09-12T10:58:18.289Z
bourassadance.com,.com,https://bourassadance.com/,200,186,yes,text/html,2026-09-12T10:58:18.378Z
voco-il.com,.com,https://voco-il.com/,200,95,yes,text/html;charset=utf-8,2026-09-12T10:58:18.473Z
pixiuzhibo-tiyu.com,.com,https://pixiuzhibo-tiyu.com/,403,123,yes,text/html; charset=UTF-8,2026-09-12T10:58:18.504Z
bsthospital.com,.com,https://bsthospital.com/,200,339,yes,text/html; charset=utf-8,2026-09-12T10:58:18.529Z
mehmark.com,.com,https://mehmark.com/,200,333,yes,text/html; charset=utf-8,2026-09-12T10:58:18.865Z
teravoxilan.com,.com,http://www.teravoxilan.com/?from=%40,200,299,yes,text/html,2026-09-12T10:58:18.941Z
ninetiesteentheatreproductions.com,.com,https://90steentheatreproductions.co.uk/,200,279,yes,text/html; charset=UTF-8,2026-09-12T10:58:19.119Z
infotechbr.com,.com,https://infotechbr.com/,404,207,yes,text/html; charset=utf-8,2026-09-12T10:58:19.329Z
monthes.com,.com,http://monthes.com/,200,254,yes,text/html; charset=utf-8,2026-09-12T10:58:19.351Z
ourplacesafety.com,.com,http://myplacesafety.com/,200,303,yes,text/html,2026-09-12T10:58:19.461Z
myareasuspended.com,.com,https://myareasuspended.com/,200,217,yes,text/html,2026-09-12T10:58:19.813Z
alicloudtech.com,.com,https://alicloudtech.com/,200,197,yes,text/html; charset=utf-8,2026-09-12T10:58:20.106Z
ufjrgnksf.com,.com,https://regame.ceo/?_ts=%3D%3DgMyUSO3ADMwMTMxITO4cTMyITJ,200,244,yes,text/html; charset=utf-8,2026-09-12T10:58:20.327Z
majorgiftspro.com,.com,https://majorgiftspro.com/,200,102,yes,text/html;charset=utf-8,2026-09-12T10:58:20.433Z
o-0kak.com,.com,https://o-0kak.com/,200,131,yes,text/html; charset=utf-8,2026-09-12T10:58:20.474Z
jmbzi.com,.com,https://jmbzi.com/rfjgldo/xpwr3u,200,338,yes,text/html; charset=utf-8,2026-09-12T10:58:20.636Z
ablaznsolutions.com,.com,https://ablaznsolutions.com/,404,221,yes,text/html; charset=utf-8,2026-09-12T10:58:20.698Z
jenandwesley.com,.com,https://jenandwesley.com/,200,448,yes,text/html,2026-09-12T10:58:21.301Z
jojobet10839.com,.com,http://jojobet10839.com/,200,302,yes,text/html,2026-09-12T10:58:21.580Z
l3solucionestecnologicas.com,.com,https://l3solucionestecnologicas.com/,200,428,yes,text/html; charset=utf-8,2026-09-12T10:58:21.651Z
copperstatemicro.com,.com,https://copperstatemicro.com/,200,458,yes,text/html,2026-09-12T10:58:21.684Z
thibaultdannoville.com,.com,https://thibaultdannoville.fr/,200,58,yes,text/html; charset=utf-8,2026-09-12T10:58:21.775Z
dirctoryaccessfile.com,.com,https://dirctoryaccessfile.com/,200,269,yes,text/html; charset=utf-8,2026-09-12T10:58:21.923Z
back-2-the-old-skool.com,.com,https://back-2-the-old-skool.com/,200,462,yes,text/html,2026-09-12T10:58:22.239Z
padelsporttajikistan.com,.com,https://padelsporttajikistan.com/,200,75,yes,text/html; charset=utf-8,2026-09-12T10:58:22.322Z
museaddress.com,.com,https://museaddress.com/,200,457,yes,text/html,2026-09-12T10:58:22.383Z
satorifurniture.com,.com,https://satorifurniture.com/,200,99,yes,text/html; charset=UTF-8,2026-09-12T10:58:22.404Z
ecranize.com,.com,https://ecranize.com/,200,99,yes,text/html;charset=utf-8,2026-09-12T10:58:22.585Z
hogwheels.com,.com,https://hogwheels.com/,200,346,yes,text/html;charset=ISO-8859-1,2026-09-12T10:58:22.933Z
jojobet10417.com,.com,http://jojobet10417.com/,200,305,yes,text/html,2026-09-12T10:58:22.946Z
srilankadriverguidetours.com,.com,http://www.srilankadriverguidetours.com/,200,95,yes,text/html,2026-09-12T10:58:23.093Z
blissinjoy.com,.com,https://blissinjoy.com/,401,240,yes,text/html;charset=utf-8,2026-09-12T10:58:23.175Z
caregiveretocaregiver.com,.com,https://caregiveretocaregiver.com/,200,165,yes,text/html,2026-09-12T10:58:23.342Z
dcgestionale.com,.com,https://dcgestionale.com/,200,150,yes,text/html; charset=utf-8,2026-09-12T10:58:23.494Z
rentalhomepolicy.com,.com,https://kinro.com/,200,266,yes,text/html; charset=utf-8,2026-09-12T10:58:23.681Z
legacylineos.com,.com,http://www.legacylineos.com/,200,99,yes,text/html,2026-09-12T10:58:23.728Z
transcilux-bois.com,.com,https://transcilux-bois.com/,200,202,yes,text/html; charset=UTF-8,2026-09-12T10:58:23.934Z
sproutfiremedia.com,.com,https://sproutfiremedia.com/,200,241,yes,text/html; charset=utf-8,2026-09-12T10:58:23.938Z
lovecreatesandfeardestroys.com,.com,https://lovecreatesandfeardestroys.com/,200,91,yes,text/html;charset=utf-8,2026-09-12T10:58:24.035Z
sweepscritique.com,.com,https://sweepscritique.com/,200,109,yes,text/html; charset=utf-8,2026-09-12T10:58:24.050Z
volorconsulting.com,.com,https://volorconsulting.com/,200,86,yes,text/html,2026-09-12T10:58:24.138Z
aequusmd.com,.com,http://www.aequusmd.com/,200,97,yes,text/html,2026-09-12T10:58:24.257Z
austerityspread.com,.com,https://www.google.com/,200,211,yes,text/html; charset=UTF-8,2026-09-12T10:58:24.277Z
canatariklimlendirme.com,.com,https://canatariklimlendirme.com/,200,188,yes,text/html,2026-09-12T10:58:24.334Z
caymancandyco.com,.com,https://caymancandyco.com/,200,463,yes,text/html,2026-09-12T10:58:24.500Z
barbarassignaturetravels.com,.com,https://barbarassignaturetravels.com/,200,99,yes,text/html;charset=utf-8,2026-09-12T10:58:24.638Z
2226vip5.com,.com,https://2226vip5.com/,200,408,yes,text/html,2026-09-12T10:58:24.673Z
pikebitbet.com,.com,https://pikebitbet.com/,200,428,yes,text/html,2026-09-12T10:58:24.910Z
valestream.com,.com,https://sedo.com/search/details/?partnerid=324561&language=sk&domain=valestream.com&origin=sales_lander_15&utm_medium=Parking&utm_campaign=offerpage,403,99,yes,text/html; charset=UTF-8,2026-09-12T10:58:25.117Z
katipaizeimykonos.com,.com,http://katipaizeimykonos.com/,200,78,yes,text/html,2026-09-12T10:58:25.444Z
piramitkres.com,.com,https://piramitkres.com/,200,245,yes,text/html; charset=UTF-8,2026-09-12T10:58:25.520Z
dungeonmead.com,.com,https://dungeonmead.com/,200,282,yes,text/html;charset=utf-8,2026-09-12T10:58:25.803Z
vyapaarxtravels.com,.com,https://vyapaarxtravels.com/,200,203,yes,text/html; charset=utf-8,2026-09-12T10:58:25.895Z
vowhound.com,.com,https://vowhound.com/,200,161,yes,text/html; charset=utf-8,2026-09-12T10:58:26.562Z
towerrushoriginal.com,.com,https://towerrushoriginal.com/,200,418,yes,text/html; charset=UTF-8,2026-09-12T10:58:26.781Z
seatrack360.com,.com,https://seatrack360.com/,200,454,yes,text/html,2026-09-12T10:58:26.813Z
binkeepersnj.com,.com,https://binkeepersnj.com/,200,99,yes,text/html;charset=utf-8,2026-09-12T10:58:26.881Z
godharipillagadu.com,.com,https://godharipillagadu.com/,200,337,yes,text/html,2026-09-12T10:58:26.901Z
jojobet10439.com,.com,http://jojobet10439.com/,200,289,yes,text/html,2026-09-12T10:58:26.949Z
408visa.com,.com,https://408visa.com/,200,91,yes,text/html;charset=utf-8,2026-09-12T10:58:26.974Z
dinocarnage.com,.com,https://dinocarnage.com/,200,123,yes,text/html; charset=utf-8,2026-09-12T10:58:27.026Z
silvermar.com,.com,https://www.hugedomains.com/domain_profile.cfm?d=silvermar.com,200,388,yes,text/html; charset=utf-8,2026-09-12T10:58:27.063Z
gimpip.com,.com,https://gimpip.com/,200,456,yes,text/html,2026-09-12T10:58:27.406Z
mhsquery.com,.com,https://mhsquery.com/,200,442,yes,text/html,2026-09-12T10:58:27.417Z
kj079.com,.com,https://kj079.com/,403,135,yes,text/html,2026-09-12T10:58:27.544Z
irlya.com,.com,https://irlya.com/,200,235,yes,text/html; charset=utf-8,2026-09-12T10:58:27.843Z
sblseceorgia.com,.com,https://sblseceorgia.com/,403,226,yes,text/html,2026-09-12T10:58:28.092Z
backdroproom.com,.com,https://backdroproom.com/,200,238,yes,text/html,2026-09-12T10:58:28.147Z
valetavenu.com,.com,http://valetavenu.com/,200,254,yes,text/html,2026-09-12T10:58:28.215Z
igniteyellowfryum.com,.com,https://www.yellowfryum.com/,200,210,yes,text/html; charset=UTF-8,2026-09-12T10:58:29.181Z
dreamlynn.com,.com,https://expireddomains.com/domain/dreamlynn.com?utm_source=redi,200,177,yes,text/html; charset=UTF-8,2026-09-12T10:58:29.245Z
healthieryoumag.com,.com,https://healthieryoumag.com/,200,304,yes,text/html,2026-09-12T10:58:29.487Z
debutforge.com,.com,https://debutforge.com/,404,142,yes,text/html; charset=utf-8,2026-09-12T10:58:29.494Z
renouvellement-gestion-video.com,.com,https://renouvellement-gestion-video.com/,200,156,yes,text/html; charset=UTF-8,2026-09-12T10:58:29.695Z
merilance.com,.com,https://merilance.com/password,200,251,yes,text/html; charset=utf-8,2026-09-12T10:58:29.808Z
binderpuls.com,.com,https://binderpuls.com/,200,151,yes,text/html;charset=utf-8,2026-09-12T10:58:29.849Z
stackbasenet.com,.com,https://stackbasenet.com/,200,391,yes,text/html; charset=UTF-8,2026-09-12T10:58:29.888Z
garatalent.com,.com,https://garatalent.com/,200,156,yes,text/html,2026-09-12T10:58:29.967Z
adolescentcorner.com,.com,https://adolescentcorner.com/,200,176,yes,text/html,2026-09-12T10:58:30.146Z
eastpiercapital.com,.com,https://www.eastpiercapital.com/,200,210,yes,text/html;charset=utf-8,2026-09-12T10:58:30.317Z
coolcuntsclub.com,.com,https://coolcuntsclub.com/,200,170,yes,text/html;charset=utf-8,2026-09-12T10:58:30.318Z
chiwiops.com,.com,https://www.chiwiops.com/,200,418,yes,text/html; charset=utf-8,2026-09-12T10:58:31.199Z
warriorpowerfitness.com,.com,http://www.warriorpowerfitness.com/,200,162,yes,text/html,2026-09-12T10:58:31.239Z
wexanoteluri.com,.com,http://www.wexanoteluri.com/?from=%40,200,205,yes,text/html,2026-09-12T10:58:31.851Z
hotwheelsmobilegarage.com,.com,https://hotwheelsmobilegarage.com/,200,308,yes,text/html;charset=utf-8,2026-09-12T10:58:32.395Z
sparkling-cleaning-services.com,.com,https://www.sparkling-cleaning-services.com/,200,414,yes,text/html; charset=UTF-8,2026-09-12T10:58:32.545Z
vawithvasquez.com,.com,https://www.vawithvasquez.com/,200,181,yes,text/html; charset=UTF-8,2026-09-12T10:58:32.882Z
jojobet10132.com,.com,http://jojobet10132.com/,200,298,yes,text/html,2026-09-12T10:58:33.046Z
repuestored.com,.com,https://repuestored.com/,200,258,yes,text/html,2026-09-12T10:58:33.305Z
licenseyourdatadirect.com,.com,http://licenseyourdatadirect.com/,200,435,yes,text/html,2026-09-12T10:58:33.335Z
amortitecadelsur.com,.com,https://www.amortitecadelsur.com/,200,479,yes,text/html; charset=UTF-8,2026-09-12T10:58:33.357Z
growpassionfruitai.com,.com,https://www.usepassionfruit.com/,200,136,yes,text/html; charset=utf-8,2026-09-12T10:58:34.706Z
aperongo.com,.com,http://www.aperongo.com/,200,160,yes,text/html,2026-09-12T10:58:35.050Z
labourunionindia.org,.org,https://labourunionindia.org/,200,127,yes,text/html,2026-09-12T11:01:54.129Z
keepnorwalkbeautiful.org,.org,https://keepnorwalkbeautiful.org/,200,91,yes,text/html;charset=utf-8,2026-09-12T11:02:05.942Z
regenxdigital.com,.com,https://regenesisglobal.co/,200,161,yes,text/html,2026-09-12T11:02:06.056Z
pantau.trade,.trade,https://pantau.trade/,200,162,yes,text/html; charset=utf-8,2026-09-12T11:03:23.468Z
spaceplus888.store,.store,https://spaceplus888.store/,200,324,yes,text/html,2026-09-12T11:03:25.322Z
unlimited-tools.com,.com,https://unlimited-tools.com/,200,343,yes,text/html; charset=UTF-8,2026-09-12T11:03:25.339Z
fundpotato.xyz,.xyz,https://fundpotato.xyz/,403,164,yes,text/html,2026-09-12T11:03:25.463Z
marvel77u.com,.com,https://marvel77u.com/,200,435,yes,text/html; charset=UTF-8,2026-09-12T11:03:25.472Z
agiboggle.xyz,.xyz,https://agiboggle.xyz/,403,149,yes,text/html,2026-09-12T11:03:25.473Z
strucknode.xyz,.xyz,https://strucknode.xyz/,403,120,yes,text/html,2026-09-12T11:03:25.510Z
trevilozampeth.click,.click,https://trevilozampeth.click/,200,174,yes,text/html; charset=UTF-8,2026-09-12T11:03:25.634Z
agilooking.xyz,.xyz,http://agilooking.xyz/,403,396,yes,text/html,2026-09-12T11:03:39.682Z
64bytes.net,.net,https://64bytes.net/,200,236,yes,text/html,2026-09-12T11:03:39.906Z
hikingcompassm.info,.info,https://hikingcompassm.info/,502,317,yes,text/html; charset=UTF-8,2026-09-12T11:03:40.003Z
sealth.store,.store,https://sealth.store/,200,496,yes,text/html; charset=utf-8,2026-09-12T11:03:40.409Z
agilesser.xyz,.xyz,https://agilesser.xyz/,403,150,yes,text/html,2026-09-12T11:03:40.563Z
sinkzone.xyz,.xyz,https://sinkzone.xyz/,403,151,yes,text/html,2026-09-12T11:03:40.693Z
sealedtaxi.xyz,.xyz,https://sealedtaxi.xyz/,403,129,yes,text/html,2026-09-12T11:03:40.886Z
spaceflown.xyz,.xyz,https://spaceflown.xyz/,403,175,yes,text/html,2026-09-12T11:03:40.950Z
padsly.xyz,.xyz,https://padsly.xyz/,200,498,yes,text/html,2026-09-12T11:03:40.981Z
shanfam.love,.love,https://shanfam.love/,200,465,yes,text/html; charset=utf-8,2026-09-12T11:03:41.030Z
tbplus88.win,.win,https://www.tbplus88.win/,200,270,yes,text/html,2026-09-12T11:03:42.345Z
jmc.kitchen,.kitchen,https://jmc.kitchen/,200,500,yes,text/html; charset=utf-8,2026-09-12T11:03:42.560Z
tracking-6w3j.lol,.lol,https://tracking-6w3j.lol/,403,488,yes,text/html,2026-09-12T11:03:46.469Z
dragonmoney2895.buzz,.buzz,https://dragonmoney2895.buzz/,403,256,yes,text/html,2026-09-12T11:03:49.223Z
coupletaxi.xyz,.xyz,https://coupletaxi.xyz/,403,319,yes,text/html,2026-09-12T11:03:54.239Z
cebu.school,.school,https://cebu.school/ru/,200,37,yes,text/html,2026-09-12T11:04:09.895Z
114514002.xyz,.xyz,https://114514002.xyz/,200,161,yes,text/html; charset=UTF-8,2026-09-12T11:04:10.110Z
okyaman77.win,.win,https://www.okyaman77.win/,200,157,yes,text/html,2026-09-12T11:04:11.097Z
tripgoto.xyz,.xyz,https://tripgoto.xyz/,403,163,yes,text/html,2026-09-12T11:04:11.261Z
clickoconnect.com,.com,https://clickoconnect.com/,200,181,yes,text/html,2026-09-12T11:04:11.291Z
unlimitedfixcrew.com,.com,https://unltdfix.com/,200,300,yes,text/html; charset=UTF-8,2026-09-12T11:04:30.676Z
karlgandhi.com,.com,https://www.karlgandhi.com/,200,478,yes,text/html; charset=utf-8,2026-09-12T11:04:30.708Z
rockpaperscissorsgame.app,.app,https://rockpaperscissorsgame.app/,200,240,yes,text/html,2026-09-12T11:04:32.248Z
persontax.xyz,.xyz,https://persontax.xyz/,403,350,yes,text/html,2026-09-12T11:04:32.486Z
agiadjunct.xyz,.xyz,https://agiadjunct.xyz/,403,154,yes,text/html,2026-09-12T11:04:32.643Z
olvsw.vip,.vip,https://23.144.180.39/normal/?cid=5917397,200,372,yes,text/html,2026-09-12T11:04:34.675Z
proof21.xyz,.xyz,https://proof21.xyz/,200,436,yes,text/html; charset=utf-8,2026-09-12T11:04:35.851Z
foodmapper.xyz,.xyz,http://foodmapper.xyz/,403,209,yes,text/html,2026-09-12T11:05:18.634Z
sotdage.college,.college,https://sotdage.college/,403,354,yes,text/html,2026-09-12T11:05:18.690Z
fibonbansoop.cfd,.cfd,https://fibonbansoop.cfd/login,200,178,yes,text/html; charset=utf-8,2026-09-12T11:05:19.463Z
woodentaxi.xyz,.xyz,https://woodentaxi.xyz/,403,196,yes,text/html,2026-09-12T11:05:32.607Z
thepawsitivepethealthcertificates.org,.org,https://thepawsitivepethealthcertificates.org/,200,263,yes,text/html;charset=utf-8,2026-09-12T11:05:32.675Z
ethactively.xyz,.xyz,https://ethactively.xyz/,403,446,yes,text/html,2026-09-12T11:05:32.861Z
zenoracapital.xyz,.xyz,http://zenoracapital.xyz/,200,491,yes,text/html,2026-09-12T11:05:35.404Z
evmflipr.xyz,.xyz,https://evmflipr.xyz/,200,472,yes,text/html,2026-09-12T11:05:35.766Z
thebestmoodi.shop,.shop,https://thebestmoodi.shop/,200,138,yes,text/html,2026-09-12T11:05:36.193Z
ahinexus.com,.com,https://ahinexus.com/,200,454,yes,text/html,2026-09-12T11:05:36.224Z
qh88com.online,.online,https://qh88com.online/,403,170,yes,text/html,2026-09-12T11:05:36.396Z
wican-mail.global,.global,http://wican-mail.global/,200,177,yes,text/html,2026-09-12T11:05:36.403Z
mrsshirt.com,.com,https://mrsshirt.com/,200,209,yes,text/html; charset=utf-8,2026-09-12T11:05:36.609Z
daouprising.xyz,.xyz,https://daouprising.xyz/,403,251,yes,text/html,2026-09-12T11:05:36.657Z
whateverdude.wtf,.wtf,http://whateverdude.wtf/,200,428,yes,text/html,2026-09-12T11:05:36.737Z
corinmcp.xyz,.xyz,https://corinmcp.xyz/,403,142,yes,text/html,2026-09-12T11:05:36.802Z
riverviewiowa.com,.com,https://riverviewiowa.com/,200,226,yes,text/html;charset=utf-8,2026-09-12T11:05:37.032Z
anyrank.xyz,.xyz,https://anyrank.xyz/,200,493,yes,text/html,2026-09-12T11:05:37.105Z
syco-simit.icu,.icu,https://syco-simit.icu/,403,123,yes,text/html; charset=UTF-8,2026-09-12T11:05:37.158Z
chadslaglenotary.com,.com,https://chadslaglenotary.com/,200,261,yes,text/html; charset=utf-8,2026-09-12T11:05:37.373Z
cedefishort.xyz,.xyz,https://cedefishort.xyz/,403,134,yes,text/html,2026-09-12T11:05:38.887Z
garmascents.com,.com,https://garmascents.com/password,200,337,yes,text/html; charset=utf-8,2026-09-12T11:05:39.757Z
aiwithalocaleye.com,.com,https://domains.atom.com/lpd/name/aiwithalocaleye.com,403,273,yes,text/html; charset=UTF-8,2026-09-12T11:06:01.563Z
backsell.xyz,.xyz,https://backsell.xyz/,403,226,yes,text/html,2026-09-12T11:06:03.520Z
fionaspointlookout.com,.com,https://www.fionaspointlookout.com/,200,192,yes,text/html; charset=UTF-8,2026-09-12T11:06:03.645Z
trainersoftwareguide.com,.com,https://trainersoftwareguide.com/,200,151,yes,text/html; charset=utf-8,2026-09-12T11:06:03.674Z
gladeprismsports.click,.click,https://gladeprismsports.click/,502,306,yes,text/html; charset=UTF-8,2026-09-12T11:06:03.691Z
norbridgeconstructors.com,.com,https://www.norbridgeconstructors.com/,200,205,yes,text/html;charset=utf-8,2026-09-12T11:06:04.132Z
e-chaple.com,.com,https://e-chaple.com/login,200,273,yes,text/html; charset=utf-8,2026-09-12T11:06:04.230Z
myboomzino.site,.site,https://myboomzino.site/d068107e-88b4-4402-9710-6ccfc1be03db/ios/en/?lead_info=bGVhZF91dWlkPTU0ZjE5N2NjLTQxNjYtNDBhMy05MWQzLTI2NmM5YThmODY2MyZvcz1tYWNPUyZsYW5ndWFnZT1lbi1VUyZvZmZlcl91cmw9aHR0cHM6Ly9jYXRzZm9ydGkuY29tL3NzUERMM2pzP2V4dGVybmFsX2lkPTU0ZjE5N2NjLTQxNjYtNDBhMy05MWQzLTI2NmM5YThmODY2MyZzdWJfaWRfMT0wMTUmc3ViX2lkXzI9MTAyJnN1Yl9pZF8zPXtzdWIzfSZzdWJfaWRfND17c3ViNH0mc3ViX2lkXzU9e3N1YjV9JnN1Yl9pZF82PXtzdWI2fSZzdWJfaWRfNz17c3ViN30mc3ViX2lkXzg9bXlib29temluby5zaXRlJnN1Yl9pZF85PXtzdWI5fSZzdWJfaWRfMTA9e3N1YjEwfSZzdWJfaWRfMTE9e3N1YjExfSZzdWJfaWRfMTI9e3N1YjEyfSZzdWJfaWRfMTM9e3N1YjEzfSZzdWJfaWRfMTQ9e3N1YjE0fSZzdWJfaWRfMTU9e3N1YjE1fSZ0cmFjZV9pZD03YTFkMjQ4ZS00ODM3LTRiYzAtYjU5Ny02NTczZDQ3OTg0MGY&is_webview=false&pixel=&fbclid=,200,146,yes,text/html; charset=UTF-8,2026-09-12T11:06:04.373Z
dermadefne.com,.com,https://dermadefne.com/,200,141,yes,text/html; charset=UTF-8,2026-09-12T11:06:32.705Z
getwebling.com,.com,https://getwebling.com/,503,293,yes,text/html; charset=utf-8,2026-09-12T11:06:32.885Z
defivictims.xyz,.xyz,https://defivictims.xyz/,403,233,yes,text/html,2026-09-12T11:06:33.121Z
djventuri.com,.com,https://www.djventuri.com/,200,183,yes,text/html; charset=UTF-8,2026-09-12T11:06:33.154Z
docursvp.pro,.pro,https://docursvp.pro/,403,133,yes,text/html; charset=UTF-8,2026-09-12T11:06:33.210Z
sbiseclinead.com,.com,https://sbiseclinead.com/,403,302,yes,text/html,2026-09-12T11:06:33.459Z
dyweb.homes,.homes,https://dyweb.homes/,200,198,yes,text/html,2026-09-12T11:06:33.501Z
popilushshapewear.com,.com,https://popilushshapewear.com/password,200,454,yes,text/html; charset=utf-8,2026-09-12T11:06:33.621Z
mensshortshop.com,.com,https://www.mensshortshop.com/,200,238,yes,text/html; charset=UTF-8,2026-09-12T11:06:33.726Z
celevibenu.info,.info,https://celevibenu.info/,200,465,yes,text/html; charset=utf-8,2026-09-12T11:06:33.971Z
daxearts.com,.com,https://daxearts.com/,200,410,yes,text/html; charset=utf-8,2026-09-12T11:06:34.141Z
1299tz1a.vip,.vip,https://1299tz1a.vip/,403,212,yes,text/html,2026-09-12T11:06:34.185Z
soliddeck.xyz,.xyz,https://soliddeck.xyz/,403,122,yes,text/html,2026-09-12T11:06:34.266Z
vavada091.com,.com,https://path-dice-go.com/?s=154&ref=sl_w243683c315469l23829p2981_&click_id=2r499hm1lfeaqv,200,257,yes,text/html; charset=UTF-8,2026-09-12T11:06:34.438Z
charmorley.com,.com,https://domains.atom.com/lpd/name/charmorley.com,403,154,yes,text/html; charset=UTF-8,2026-09-12T11:06:34.472Z
betflik86.cyou,.cyou,https://betflik86.cyou/,200,388,yes,text/html; charset=UTF-8,2026-09-12T11:06:34.670Z
3ankara.com,.com,https://www.3ankara.com/,200,352,yes,text/html; charset=UTF-8,2026-09-12T11:06:34.845Z
edtechteeth.xyz,.xyz,https://edtechteeth.xyz/,403,127,yes,text/html,2026-09-12T11:06:35.066Z
belgium-site-casino-top.site,.site,https://belgium-site-casino-top.site/,520,242,yes,text/html; charset=UTF-8,2026-09-12T11:06:35.089Z
moonlawgroup.online,.online,https://moonlawgroup.online/,200,130,yes,text/html,2026-09-12T11:06:35.093Z
colganllcs.com,.com,https://colganllcs.com/,403,255,yes,text/html,2026-09-12T11:06:35.348Z
eurowings.company,.company,http://eurowings.company/,200,175,yes,text/html,2026-09-12T11:06:35.422Z
riantoner.com,.com,https://riantoner.com/,200,263,yes,text/html; charset=utf-8,2026-09-12T11:06:35.460Z
gyavhi9.com,.com,https://7pn4z2kx.com/download?from=gyavhi9.com&_ts=%3D%3DgMyUSO3ITN5cTMxITO4cTMyITJ,200,303,yes,text/html; charset=utf-8,2026-09-12T11:06:35.588Z
maplots.xyz,.xyz,https://maplots.xyz/,403,240,yes,text/html,2026-09-12T11:06:35.591Z
flagship-ai.com,.com,https://flagshipft.com/,200,273,yes,text/html;charset=utf-8,2026-09-12T11:06:35.787Z
kaixinmedical.com,.com,https://kaixinmedical.com/,404,362,yes,text/html,2026-09-12T11:06:35.951Z
quickstack.info,.info,https://quickstack.info/,200,329,yes,text/html; charset=UTF-8,2026-09-12T11:06:36.562Z
absheron-gcz.com,.com,http://www.absheron-gcz.com/,200,370,yes,text/html,2026-09-12T11:06:36.575Z
franciscodao.xyz,.xyz,https://franciscodao.xyz/,403,298,yes,text/html,2026-09-12T11:06:36.640Z
docfile.top,.top,https://docfile.top/,520,233,yes,text/html; charset=UTF-8,2026-09-12T11:06:36.662Z
daotimeless.xyz,.xyz,https://daotimeless.xyz/,403,195,yes,text/html,2026-09-12T11:06:36.772Z
mes507heures.com,.com,https://mes507heures.com/login_up.php,200,104,yes,text/html; charset=utf-8,2026-09-12T11:06:36.801Z
gayconecta.com,.com,https://gayconecta.com/,200,211,yes,text/html,2026-09-12T11:06:36.963Z
deepclepeth.xyz,.xyz,https://deepclepeth.xyz/,403,243,yes,text/html,2026-09-12T11:06:37.047Z
shopclickgoelite200.info,.info,https://shopclickgoelite200.info/,200,278,yes,text/html; charset=utf-8,2026-09-12T11:06:37.052Z
31hvialb.com,.com,https://x5m9q3zv.com/download?from=31hvialb.com&_ts=%3D%3DgMyUiM2cjN5cTMxITO4cTMyITJ,200,402,yes,text/html; charset=utf-8,2026-09-12T11:06:37.165Z
gujaratmetro.com,.com,https://gujaratmetro.com/,200,284,yes,text/html,2026-09-12T11:06:38.888Z
tennissimkpp.com,.com,https://tennissimkpp.com/,200,388,yes,text/html; charset=utf-8,2026-09-12T11:06:38.992Z
nasinu.xyz,.xyz,https://nasinu.xyz/,200,118,yes,text/html,2026-09-12T11:06:39.321Z
podcastprofile.com,.com,https://podcastprofile.com/,200,498,yes,text/html,2026-09-12T11:06:39.492Z
globalcavrologistics.com,.com,https://globalcavrologistics.com/,200,244,yes,text/html; charset=UTF-8,2026-09-12T11:06:39.569Z
ginnyspalette.art,.art,https://ginnyspalette.art/,200,90,yes,text/html;charset=utf-8,2026-09-12T11:06:56.286Z
nursingledger.com,.com,https://nursingledger.com/,200,99,yes,text/html,2026-09-12T11:06:56.291Z
newtonclipper.com,.com,https://newtonclipper.com/,200,94,yes,text/html;charset=utf-8,2026-09-12T11:06:56.319Z
myamaste.com,.com,https://myamaste.com/,200,391,yes,text/html; charset=utf-8,2026-09-12T11:06:56.681Z
deepwant.xyz,.xyz,https://deepwant.xyz/,403,265,yes,text/html,2026-09-12T11:07:17.058Z
soundneolabs.xyz,.xyz,https://soundneolabs.xyz/,403,194,yes,text/html,2026-09-12T11:07:17.124Z
expresspage.click,.click,https://expresspage.click/,403,242,yes,text/html,2026-09-12T11:07:17.138Z
clic2web.store,.store,http://clic2web.store/,200,185,yes,text/html,2026-09-12T11:07:17.259Z
gate-jl.world,.world,https://gate-jl.world/,403,158,yes,text/html,2026-09-12T11:07:17.283Z
fusetrip.xyz,.xyz,https://fusetrip.xyz/,403,162,yes,text/html,2026-09-12T11:07:17.364Z
tripdefinite.xyz,.xyz,https://tripdefinite.xyz/,403,225,yes,text/html,2026-09-12T11:07:17.673Z
unfilteredquant.online,.online,https://www.quantummarketing.ca/,200,329,yes,text/html; charset=UTF-8,2026-09-12T11:07:17.706Z
gideex.com,.com,https://gideex.com/,200,328,yes,text/html; charset=utf-8,2026-09-12T11:07:18.037Z
mismoshdata.digital,.digital,https://mismoshdata.digital/,404,230,yes,text/html; charset=utf-8,2026-09-12T11:07:20.152Z
globalcasino.info,.info,https://globalpoker.com/geo-block,200,139,yes,text/html,2026-09-12T11:07:20.431Z
fellgpu.xyz,.xyz,https://fellgpu.xyz/,403,186,yes,text/html,2026-09-12T11:07:34.619Z
daovirginia.xyz,.xyz,https://daovirginia.xyz/,403,248,yes,text/html,2026-09-12T11:07:34.632Z
chjpdados.online,.online,https://chjpdados.online/,200,284,yes,text/html,2026-09-12T11:07:34.754Z
yatriyom.com,.com,https://yatriyom.com/,200,482,yes,text/html;charset=utf-8,2026-09-12T11:07:34.949Z
maggies-tanks.online,.online,http://www.maggies-tanks.online/,200,451,yes,text/html,2026-09-12T11:07:35.179Z
amiralo.com,.com,http://www.amiralo.com/,200,369,yes,text/html,2026-09-12T11:07:37.372Z
aobbq.com,.com,https://expireddomains.com/domain/aobbq.com?utm_source=redi,200,418,yes,text/html; charset=UTF-8,2026-09-12T11:07:37.404Z
itinvenvi.pics,.pics,https://itinvenvi.pics/,200,354,yes,text/html; charset=UTF-8,2026-09-12T11:07:37.491Z
georgiaroselimited.com,.com,https://georgiaroselimited.com/,200,337,yes,text/html;charset=utf-8,2026-09-12T11:07:49.186Z
solvedmcp.xyz,.xyz,https://solvedmcp.xyz/,403,157,yes,text/html,2026-09-12T11:07:49.408Z
mapjuly.xyz,.xyz,https://mapjuly.xyz/,403,244,yes,text/html,2026-09-12T11:07:49.432Z
tiveli.shop,.shop,https://tiveli.shop/,200,440,yes,text/html; charset=utf-8,2026-09-12T11:07:49.451Z
lucky76.site,.site,https://lucky76.site/,403,103,yes,text/html; charset=UTF-8,2026-09-12T11:07:52.560Z
porchrelay.app,.app,https://porchrelay.app/,200,98,yes,text/html; charset=utf-8,2026-09-12T11:07:52.584Z
o29skrar0h.click,.click,https://o29skrar0h.click/,403,251,yes,text/html,2026-09-12T11:07:52.592Z
812crew.com,.com,https://812crew.com/,200,136,yes,text/html;charset=utf-8,2026-09-12T11:07:52.592Z
zavevor.com,.com,https://zavevor.com/,200,218,yes,text/html; charset=UTF-8,2026-09-12T11:07:52.810Z
doingtheimpossible.film,.film,http://www.doingtheimpossible.film/,200,202,yes,text/html,2026-09-12T11:07:52.970Z
bvyuw.com,.com,https://bvyuw.com/,200,497,yes,text/html,2026-09-12T11:07:53.057Z
northernnomads.org,.org,https://www.northernnomads.org/,200,324,yes,text/html;charset=utf-8,2026-09-12T11:07:53.110Z
lpvdata.com,.com,https://lpvdata.com/,200,334,yes,text/html; charset=utf-8,2026-09-12T11:07:53.145Z
tiktokmall.mom,.mom,http://tiktokmall.mom/login,200,439,yes,text/html; charset=utf-8,2026-09-12T11:07:53.347Z
spyrust.xyz,.xyz,https://spyrust.xyz/,403,207,yes,text/html,2026-09-12T11:07:53.353Z
cryptorulers.xyz,.xyz,https://cryptorulers.xyz/,403,248,yes,text/html,2026-09-12T11:07:53.953Z
chainsoviet.xyz,.xyz,https://chainsoviet.xyz/,403,190,yes,text/html,2026-09-12T11:07:53.958Z
vinver.digital,.digital,https://vinver.digital/,403,199,yes,text/html,2026-09-12T11:07:54.266Z
solandremusic.com,.com,https://solandremusic.com/,404,229,yes,text/html; charset=utf-8,2026-09-12T11:07:54.342Z
farmthen.xyz,.xyz,https://farmthen.xyz/,403,170,yes,text/html,2026-09-12T11:07:54.670Z
farmchu.xyz,.xyz,https://farmchu.xyz/,403,168,yes,text/html,2026-09-12T11:07:54.737Z
deepjust.xyz,.xyz,https://deepjust.xyz/,403,172,yes,text/html,2026-09-12T11:07:54.783Z
bouncyjosephs.com,.com,https://bouncyjosephs.com/,200,491,yes,text/html,2026-09-12T11:07:55.229Z
conciegeglobal.com,.com,https://www.concierge-ca.com/,200,182,yes,text/html; charset=UTF-8,2026-09-12T11:07:55.847Z
shylakeys.club,.club,http://www.shylakeys.club/,200,162,yes,text/html,2026-09-12T11:07:55.993Z
autoagri.xyz,.xyz,https://autoagri.xyz/,403,290,yes,text/html,2026-09-12T11:07:56.164Z
mapflower.xyz,.xyz,https://mapflower.xyz/,403,135,yes,text/html,2026-09-12T11:07:56.246Z
phonelookup5mdecucb.cfd,.cfd,https://phonelookup5mdecucb.cfd/,200,402,yes,text/html; charset=UTF-8,2026-09-12T11:07:56.247Z
daoposition.xyz,.xyz,https://daoposition.xyz/,403,155,yes,text/html,2026-09-12T11:07:57.103Z
mswbhllc.com,.com,https://www.mswbhllc.com/,200,275,yes,text/html; charset=utf-8,2026-09-12T11:07:57.238Z
atha.host,.host,https://atha.host/,200,237,yes,text/html;charset=utf-8,2026-09-12T11:07:59.719Z
justmariatees.shop,.shop,https://www.redbubble.com/people/Ria2662/shop?utm_source=rb-native-app&utm_campaign=share-artist&utm_medium=android,403,97,yes,text/html; charset=UTF-8,2026-09-12T11:08:08.544Z
canvasteeth.xyz,.xyz,https://canvasteeth.xyz/,403,182,yes,text/html,2026-09-12T11:08:08.636Z
needforslotscasino.vip,.vip,https://needforslotscasino.vip/,200,153,yes,text/html,2026-09-12T11:08:08.791Z
arenamcp.xyz,.xyz,https://arenamcp.xyz/,403,234,yes,text/html,2026-09-12T11:08:08.910Z
usejury.com,.com,https://usejury.com/,200,286,yes,text/html; charset=utf-8,2026-09-12T11:08:09.057Z
freshkabeauty.com,.com,https://freshkabeauty.com/,200,432,yes,text/html; charset=utf-8,2026-09-12T11:08:09.073Z
air-rails.com,.com,http://air-rails.com/,200,234,yes,text/html; charset=utf-8,2026-09-12T11:08:10.304Z
elsociodelosnegocios.com,.com,https://elsociodelosnegocios.com/,404,217,yes,text/html; charset=utf-8,2026-09-12T11:08:10.485Z
joovictor-97a.com,.com,https://joovictor-97a.com/,404,500,yes,text/html; charset=utf-8,2026-09-12T11:08:11.624Z
audiobuku.com,.com,https://audiobuku.com/,200,248,yes,text/html,2026-09-12T11:08:11.683Z
guemulibi.pics,.pics,https://guemulibi.pics/,200,225,yes,text/html; charset=UTF-8,2026-09-12T11:08:19.415Z
evolvixo.com,.com,https://evolvixo.com/,502,212,yes,text/html; charset=UTF-8,2026-09-12T11:08:19.444Z
pierpointloanpartners.com,.com,https://pierpointfundinggroup.com/,200,193,yes,text/html; charset=UTF-8,2026-09-12T11:08:19.551Z
doshlet.com,.com,https://doshlet.com/,200,242,yes,text/html; charset=UTF-8,2026-09-12T11:08:21.876Z
usaseed.xyz,.xyz,https://usaseed.xyz/,403,247,yes,text/html,2026-09-12T11:08:24.594Z
unfuckyourstuck.xyz,.xyz,http://unfuckyourstuck.xyz/,200,295,yes,text/html,2026-09-12T11:08:24.794Z
btclloyd.xyz,.xyz,http://btclloyd.xyz/,200,343,yes,text/html,2026-09-12T11:08:24.858Z
kaptamedia.com,.com,https://kaptamedia.com/,404,313,yes,text/html,2026-09-12T11:08:24.908Z
hari-app.com,.com,https://hari-app.com/,404,137,yes,text/html; charset=utf-8,2026-09-12T11:08:24.919Z
muckbootdanmark.com,.com,https://muckbootdanmark.com/,403,145,yes,text/html; charset=UTF-8,2026-09-12T11:08:24.940Z
artticketdao.xyz,.xyz,https://artticketdao.xyz/,403,151,yes,text/html,2026-09-12T11:08:25.044Z
anycast.blog,.blog,https://anycast.blog/,200,149,yes,text/html,2026-09-12T11:08:25.069Z
getgrowthincon.com,.com,https://www.inconllc.com/,200,317,yes,text/html; charset=UTF-8,2026-09-12T11:08:25.109Z
bassrank.xyz,.xyz,https://bassrank.xyz/,403,128,yes,text/html,2026-09-12T11:08:25.174Z
infoopendoorliving.com,.com,https://infoopendoorliving.com/,200,254,yes,text/html;charset=utf-8,2026-09-12T11:08:25.366Z
beautyrxbyshannon.com,.com,https://www.beautyrxbyshannon.com/,200,216,yes,text/html; charset=UTF-8,2026-09-12T11:08:25.567Z
virallenz.com,.com,https://virallenz.com/en,200,188,yes,text/html; charset=utf-8,2026-09-12T11:08:25.592Z
fellwatchers.com,.com,https://www.fellwatchers.com/,200,177,yes,text/html; charset=UTF-8,2026-09-12T11:08:25.778Z
newyongdata.online,.online,https://newyongdata.online/,200,246,yes,text/html; charset=utf-8,2026-09-12T11:08:25.864Z
cbdarchive.xyz,.xyz,https://cbdarchive.xyz/,403,123,yes,text/html,2026-09-12T11:08:25.903Z
martinezazaro.com,.com,https://martinezazaro.com/,200,262,yes,text/html;charset=utf-8,2026-09-12T11:08:25.912Z
bcsoftcompl.com,.com,https://expireddomains.com/domain/bcsoftcompl.com?utm_source=redi,200,227,yes,text/html; charset=UTF-8,2026-09-12T11:08:27.214Z
despedidaenmojacar.com,.com,http://www.despedidaenmojacar.com/,200,214,yes,text/html; charset=UTF-8,2026-09-12T11:08:27.388Z
yogazoo.xyz,.xyz,https://yogazoo.xyz/,403,182,yes,text/html,2026-09-12T11:08:27.399Z
zeusdance.xyz,.xyz,https://zeusdance.xyz/,403,192,yes,text/html,2026-09-12T11:08:27.658Z
anidleafternoon.com,.com,https://anidleafternoon.com/,200,220,yes,text/html;charset=utf-8,2026-09-12T11:08:27.739Z
usedgpu.xyz,.xyz,https://usedgpu.xyz/,403,429,yes,text/html,2026-09-12T11:08:27.819Z
alphadcloud.info,.info,https://alphadcloud.info/,403,123,yes,text/html,2026-09-12T11:08:27.864Z
grandpasabet9006.com,.com,https://grandpasabet9006.com/,200,488,yes,text/html,2026-09-12T11:08:28.148Z
coreobserver.xyz,.xyz,https://coreobserver.xyz/,403,125,yes,text/html,2026-09-12T11:08:28.275Z
labscontent.xyz,.xyz,https://labscontent.xyz/,403,151,yes,text/html,2026-09-12T11:08:28.427Z
defiattract.xyz,.xyz,https://defiattract.xyz/,403,412,yes,text/html,2026-09-12T11:08:28.434Z
mulazamahonline.com,.com,https://s.id/mulazamahonline,200,469,yes,text/html; charset=utf-8,2026-09-12T11:08:28.587Z
gundalf.fun,.fun,https://gundalf.fun/,200,161,yes,text/html,2026-09-12T11:08:28.656Z
phonelookupycl1z0c4.cfd,.cfd,https://phonelookupycl1z0c4.cfd/,200,335,yes,text/html; charset=UTF-8,2026-09-12T11:08:28.764Z
canalgpt.com,.com,https://www.hugedomains.com/domain_profile.cfm?d=canalgpt.com,200,259,yes,text/html; charset=utf-8,2026-09-12T11:08:28.864Z
coatrank.xyz,.xyz,https://coatrank.xyz/,200,499,yes,text/html,2026-09-12T11:08:29.157Z
iambiaya.click,.click,https://iambiaya.click/,404,192,yes,text/html; charset=utf-8,2026-09-12T11:08:39.937Z
cbdcstockdao.xyz,.xyz,https://cbdcstockdao.xyz/,403,116,yes,text/html,2026-09-12T11:08:39.987Z
stockburneth.xyz,.xyz,https://stockburneth.xyz/,403,156,yes,text/html,2026-09-12T11:08:40.082Z
blueschains.xyz,.xyz,https://blueschains.xyz/,403,175,yes,text/html,2026-09-12T11:08:40.114Z
ricis99.info,.info,https://ricis99.info/,200,282,yes,text/html,2026-09-12T11:08:40.135Z
visionandinasas.com,.com,https://visionandinasas.com/login?next=/,200,122,yes,text/html; charset=utf-8,2026-09-12T11:08:40.312Z
centrafinbank.live,.live,https://centrafinbank.live/,403,220,yes,text/html,2026-09-12T11:08:40.337Z
porthey.xyz,.xyz,https://porthey.xyz/,403,245,yes,text/html,2026-09-12T11:08:40.369Z
stockethanol.xyz,.xyz,https://stockethanol.xyz/,403,310,yes,text/html,2026-09-12T11:08:40.446Z
uagilize.com,.com,https://uagilize.com/,200,484,yes,text/html,2026-09-12T11:08:40.568Z
farmblow.xyz,.xyz,https://farmblow.xyz/,403,299,yes,text/html,2026-09-12T11:08:40.613Z
omantara.com,.com,https://omantara.com/,200,307,yes,text/html;charset=utf-8,2026-09-12T11:08:40.622Z
uktoptours.com,.com,https://uktoptours.com/,200,290,yes,text/html,2026-09-12T11:08:40.661Z
ruta300.store,.store,https://ruta300.store/password,200,185,yes,text/html; charset=utf-8,2026-09-12T11:08:43.647Z
phonelookup5y5vks4z.cfd,.cfd,http://phonelookup5y5vks4z.cfd/,200,190,yes,text/html; charset=UTF-8,2026-09-12T11:09:45.131Z
hueworiso.store,.store,https://hueworiso.store/,200,494,yes,text/html; charset=UTF-8,2026-09-12T11:09:45.191Z
goodoode.com,.com,https://goodoode.com/,200,211,yes,text/html; charset=utf-8,2026-09-12T11:09:45.344Z
complyrank.xyz,.xyz,https://complyrank.xyz/,403,318,yes,text/html,2026-09-12T11:09:45.354Z
fullplantdao.xyz,.xyz,https://fullplantdao.xyz/,403,121,yes,text/html,2026-09-12T11:09:56.251Z
stylenovae.store,.store,https://stylenovae.store/,200,147,yes,text/html;charset=utf-8,2026-09-12T11:09:56.300Z
layertitles.xyz,.xyz,https://layertitles.xyz/,403,158,yes,text/html,2026-09-12T11:09:56.411Z
layercreates.xyz,.xyz,https://layercreates.xyz/,403,118,yes,text/html,2026-09-12T11:09:56.419Z
amster.camp,.camp,http://amster.camp/,200,399,yes,text/html; charset=UTF-8,2026-09-12T11:09:56.525Z
nonless.xyz,.xyz,https://nonless.xyz/,403,185,yes,text/html,2026-09-12T11:09:56.597Z
vibrant-willow.com,.com,https://vibrant-willow.com/,200,217,yes,text/html; charset=UTF-8,2026-09-12T11:09:56.637Z
badgermountainyurt.com,.com,https://badgermountainyurt.com/,200,393,yes,text/html; charset=utf-8,2026-09-12T11:09:56.701Z
unicia.college,.college,https://unicia.college/,403,185,yes,text/html,2026-09-12T11:09:56.712Z
ammisec.com,.com,https://ammisec.com/,200,124,yes,text/html;charset=utf-8,2026-09-12T11:09:56.763Z
55rpoo.com,.com,https://55rpoo.com/,200,456,yes,text/html,2026-09-12T11:09:57.160Z
roofingcraftlane.online,.online,https://roofingcraftlane.online/,200,475,yes,text/html; charset=UTF-8,2026-09-12T11:09:57.189Z
bento138.store,.store,https://bento138.store/,200,423,yes,text/html,2026-09-12T11:10:01.190Z
phonelookup3rljjl0u.cfd,.cfd,https://phonelookup3rljjl0u.cfd/,200,333,yes,text/html; charset=UTF-8,2026-09-12T11:10:01.711Z
treasured-collectibles.com,.com,https://www.treasured-collectibles.com/,503,272,yes,text/html; charset=UTF-8,2026-09-12T11:10:02.451Z
mttlemade.com,.com,http://www.mttlemade.com/,200,204,yes,text/html,2026-09-12T11:10:02.825Z
queenslot800.net,.net,https://queenslot800.net/,200,486,yes,text/html,2026-09-12T11:10:02.940Z
freedgpu.xyz,.xyz,https://freedgpu.xyz/,403,170,yes,text/html,2026-09-12T11:10:03.125Z
andrewcproctor.com,.com,http://www.andrewcproctor.com/,200,237,yes,text/html,2026-09-12T11:10:03.216Z
ngmiotp.xyz,.xyz,https://ngmiotp.xyz/,200,493,yes,text/html,2026-09-12T11:10:03.321Z
ghaymahhub.com,.com,https://ghaymahhub.com/,200,393,yes,text/html; charset=UTF-8,2026-09-12T11:10:03.336Z
honeystars-test.shop,.shop,https://honeystars-test.shop/,200,219,yes,text/html,2026-09-12T11:10:03.346Z
orba.inc,.inc,https://orba.inc/,200,452,yes,text/html;charset=utf-8,2026-09-12T11:10:03.774Z
nivoraclub.com,.com,https://nivoraclub.com/,404,229,yes,text/html; charset=utf-8,2026-09-12T11:16:08.662Z
firstwear.store,.store,https://firstwear.store/,200,319,yes,text/html; charset=utf-8,2026-09-12T11:16:08.760Z
phonelookup2uo4mksq.cfd,.cfd,https://phonelookup2uo4mksq.cfd/,200,337,yes,text/html; charset=UTF-8,2026-09-12T11:16:08.771Z
expandedmint.xyz,.xyz,https://expandedmint.xyz/,200,449,yes,text/html,2026-09-12T11:16:08.882Z
judosecret.xyz,.xyz,https://judosecret.xyz/,200,456,yes,text/html,2026-09-12T11:16:08.883Z
1win-p6opm.cfd,.cfd,https://1win-p6opm.cfd/,403,256,yes,text/html,2026-09-12T11:16:09.030Z
deepblamed.xyz,.xyz,https://deepblamed.xyz/,403,255,yes,text/html,2026-09-12T11:16:09.142Z
workhear.xyz,.xyz,https://workhear.xyz/,403,231,yes,text/html,2026-09-12T11:16:09.169Z
phonelookupd5h6tef7.cfd,.cfd,https://phonelookupd5h6tef7.cfd/,200,410,yes,text/html; charset=UTF-8,2026-09-12T11:16:09.173Z
nederland-casinolab.com,.com,https://nederland-casinolab.com/,200,314,yes,text/html,2026-09-12T11:16:09.361Z
caltraai.app,.app,https://caltraai.net/,200,331,yes,text/html; charset=utf-8,2026-09-12T11:16:09.381Z
gg00003.com,.com,https://gg00003.com/,200,487,yes,text/html; charset=utf-8,2026-09-12T11:16:09.518Z
pisangpeak.com,.com,https://pisangpeak.com/,200,397,yes,text/html,2026-09-12T11:16:12.084Z
akonglokal-19.ink,.ink,https://akonglokal-19.ink/,404,399,yes,text/html,2026-09-12T11:16:13.395Z
vanessasmilesxxx.com,.com,https://expireddomains.com/domain/vanessasmilesxxx.com?utm_source=redi,200,230,yes,text/html; charset=UTF-8,2026-09-12T11:16:13.610Z
sittrotselfies.com,.com,http://sittrotselfies.com/404.html,200,350,yes,text/html,2026-09-12T11:16:14.065Z
gammalphi.org,.org,http://www.gammalphi.org/,200,172,yes,text/html; charset=utf8,2026-09-12T11:16:14.209Z
wowhad.info,.info,https://unstoppable.ai/d/wowhad.com,200,395,yes,text/html; charset=utf-8,2026-09-12T11:16:15.047Z
angelecia.link,.link,https://unstoppable.ai/d/angelecia.link,200,198,yes,text/html; charset=utf-8,2026-09-12T11:16:15.048Z
coinseeker.online,.online,https://coinseeker.online/,200,200,yes,text/html,2026-09-12T11:16:15.157Z
ibetwin.sbs,.sbs,https://ibetwin.sbs/,200,451,yes,text/html,2026-09-12T11:16:15.473Z
satset138activateddd.lol,.lol,https://satset138activateddd.lol/,403,213,yes,text/html,2026-09-12T11:16:17.584Z
posework.xyz,.xyz,https://posework.xyz/,403,197,yes,text/html,2026-09-12T11:16:17.612Z
patekboutiquebyberrys.com,.com,http://patekboutiquebyberrys.com/,200,95,yes,text/html,2026-09-12T11:16:17.669Z
acoreofsteel.com,.com,https://acoreofsteel.com/,200,109,yes,text/html;charset=utf-8,2026-09-12T11:16:17.724Z
novichok-lordserial.club,.club,https://novichok-lordserial.club/,200,259,yes,text/html;charset=UTF-8,2026-09-12T11:16:17.848Z
byzpay.com,.com,https://www.hugedomains.com/domain_profile.cfm?d=byzpay.com,200,300,yes,text/html; charset=utf-8,2026-09-12T11:16:22.525Z
crc2026.site,.site,http://www.crc2026.site/,200,202,yes,text/html,2026-09-12T11:16:22.556Z
lerastaa.store,.store,https://lerastaa.store/,200,456,yes,text/html; charset=utf-8,2026-09-12T11:16:22.639Z
deepcooper.xyz,.xyz,https://deepcooper.xyz/,403,160,yes,text/html,2026-09-12T11:16:22.670Z
heymaybe.date,.date,http://heymaybe.date/,200,420,yes,text/html; charset=UTF-8,2026-09-12T11:16:22.920Z
backlinkrankchecker.shop,.shop,https://backlinkrankchecker.shop/,521,404,yes,text/html; charset=UTF-8,2026-09-12T11:17:04.630Z
rolesgpu.xyz,.xyz,https://rolesgpu.xyz/,403,406,yes,text/html,2026-09-12T11:17:04.784Z
passleaks.xyz,.xyz,https://passleaks.xyz/,403,143,yes,text/html,2026-09-12T11:17:04.817Z
roblaflecheugc.com,.com,https://roblaflecheugc.com/,404,433,yes,text/html,2026-09-12T11:17:04.855Z
dapacheckerinbulk.shop,.shop,https://dapacheckerinbulk.shop/,521,278,yes,text/html; charset=UTF-8,2026-09-12T11:17:04.912Z
tripnoun.xyz,.xyz,https://tripnoun.xyz/,403,118,yes,text/html,2026-09-12T11:17:04.975Z
opsruleset.xyz,.xyz,https://opsruleset.xyz/,403,123,yes,text/html,2026-09-12T11:17:05.098Z
litetheskobro.com,.com,https://litetheskobro.com/,200,177,yes,text/html; charset=utf-8,2026-09-12T11:17:05.154Z
nicohoutwurk.frl,.frl,https://nicohoutwurk.frl/,200,460,yes,text/html; charset=utf-8,2026-09-12T11:17:05.246Z
naviscope.xyz,.xyz,https://naviscope.xyz/,200,485,yes,text/html,2026-09-12T11:17:05.304Z
tzafonai.site,.site,https://tzafonai.site/,404,216,yes,text/html; charset=utf-8,2026-09-12T11:17:05.316Z
evolvegathering.shop,.shop,https://evolvegathering.shop/,523,374,yes,text/html; charset=UTF-8,2026-09-12T11:17:05.621Z
vermentyield.shop,.shop,https://vermentyield.shop/password,200,351,yes,text/html; charset=utf-8,2026-09-12T11:17:05.666Z
phonelookup0achkzv2.cfd,.cfd,https://phonelookup0achkzv2.cfd/,200,317,yes,text/html; charset=UTF-8,2026-09-12T11:17:06.131Z
fullframebuilds.com,.com,https://fullframebuilds.com/,200,486,yes,text/html,2026-09-12T11:17:06.153Z
cappydenim.com,.com,https://cappydenim.com/,200,272,yes,text/html; charset=utf-8,2026-09-12T11:17:12.333Z
luupbprahqlvc.site,.site,https://luupbprahqlvc.site/,403,385,yes,text/html,2026-09-12T11:17:12.703Z
roomroam.online,.online,https://roomroam.online/,200,324,yes,text/html; charset=UTF-8,2026-09-12T11:17:12.850Z
caka272.com,.com,https://caka272.com/,200,423,yes,text/html; charset=UTF-8,2026-09-12T11:17:13.197Z
smartlogistics.info,.info,https://smartlogistics.info/,200,272,yes,text/html; charset=UTF-8,2026-09-12T11:17:14.543Z
credifyprogressnotes.com,.com,https://www.credifyfast.com/,200,195,yes,text/html; charset=utf-8,2026-09-12T11:17:14.576Z
santapaulinahome.com,.com,https://www.santapaulinahome.com/,200,279,yes,text/html; charset=UTF-8,2026-09-12T11:17:14.740Z
thepadelsource.store,.store,https://thepadelsource.store/,403,159,yes,text/html,2026-09-12T11:17:14.902Z
fameclothings.store,.store,https://fameclothings.store/,409,102,yes,text/html; charset=UTF-8,2026-09-12T11:17:15.096Z
bftlabs.space,.space,https://bftlabs.space/,200,307,yes,text/html; charset=UTF-8,2026-09-12T11:17:15.328Z
robotaxijune.xyz,.xyz,https://robotaxijune.xyz/,403,300,yes,text/html,2026-09-12T11:17:15.630Z
devopscenter.xyz,.xyz,https://devopscenter.xyz/,403,115,yes,text/html,2026-09-12T11:17:15.789Z
datasetextol.xyz,.xyz,https://datasetextol.xyz/,403,342,yes,text/html,2026-09-12T11:17:15.929Z
nishifunabashi-annex-stline.com,.com,https://nishifunabashi-annex-stline.com/,200,217,yes,text/html; charset=utf-8,2026-09-12T11:17:16.851Z
salevault.shop,.shop,https://salevault.shop/,200,145,yes,text/html; charset=utf-8,2026-09-12T11:17:16.999Z
parfumhalal.com,.com,https://www.hugedomains.com/domain_profile.cfm?d=parfumhalal.com,200,237,yes,text/html; charset=utf-8,2026-09-12T11:17:17.392Z
myfamilylock.com,.com,https://myfamilylock.com/,200,227,yes,text/html; charset=UTF-8,2026-09-12T11:17:17.459Z
wonder-stay.online,.online,https://wonder-stay.online/,200,172,yes,text/html; charset=UTF-8,2026-09-12T11:17:17.970Z
pbmms.com,.com,https://pbmms.com/,200,185,yes,text/html; charset=utf-8,2026-09-12T11:17:18.021Z
j-bestpartners.com,.com,https://j-bestpartners.com/,200,272,yes,text/html;charset=utf-8,2026-09-12T11:17:18.336Z
zepimmo.com,.com,http://zepimmo.com/,200,419,yes,text/html,2026-09-12T11:17:18.654Z
casebreakcards.com,.com,https://casebreakcards.com/,200,499,yes,text/html,2026-09-12T11:17:18.665Z
safedocks.xyz,.xyz,https://safedocks.xyz/,403,160,yes,text/html,2026-09-12T11:17:18.817Z
try-arcta-ai.com,.com,https://www.arcta.ai/,200,148,yes,text/html; charset=utf-8,2026-09-12T11:17:19.462Z
tulvira.com,.com,http://www.tulvira.com/,200,192,yes,text/html,2026-09-12T11:17:20.150Z
theatlas.gay,.gay,https://theatlas.gay/,200,214,yes,text/html; charset=utf-8,2026-09-12T11:17:20.236Z
taliagracestudios.com,.com,https://taliagracestudios.com/,200,176,yes,text/html; charset=utf-8,2026-09-12T11:17:20.331Z
boldsecret.xyz,.xyz,https://boldsecret.xyz/,200,496,yes,text/html,2026-09-12T11:17:20.734Z
tripgrew.xyz,.xyz,https://tripgrew.xyz/,403,357,yes,text/html,2026-09-12T11:17:21.732Z
x8rx.com,.com,https://x8rx.com/,200,324,yes,text/html; charset=utf-8,2026-09-12T11:17:21.732Z
smartcollectionbd.shop,.shop,http://smartcollectionbd.shop/,200,457,yes,text/html,2026-09-12T11:17:21.773Z
samuelcoxsrfreia.cfd,.cfd,http://samuelcoxsrfreia.cfd/,200,60,yes,text/html; charset=utf-8,2026-09-12T11:17:21.862Z
bladedoge.xyz,.xyz,https://bladedoge.xyz/,200,496,yes,text/html,2026-09-12T11:17:22.098Z
peraforever.com,.com,https://www.peraforever.com/,200,192,yes,text/html;charset=utf-8,2026-09-12T11:17:22.181Z
kudalarimantap.xyz,.xyz,https://kudalarimantap.xyz/,403,410,yes,text/html,2026-09-12T11:17:22.274Z
ai-car.shop,.shop,http://ai-car.shop/,200,460,yes,text/html,2026-09-12T11:17:23.700Z
gconsultingmc.com,.com,https://gconsultingmc.com/,200,216,yes,text/html,2026-09-12T11:17:23.806Z
aygok.agency,.agency,https://aygok.agency/,200,296,yes,text/html; charset=UTF-8,2026-09-12T11:17:23.816Z
deadlinenews.online,.online,https://www.deadlinenews.online/,200,172,yes,text/html; charset=UTF-8,2026-09-12T11:17:24.226Z
yuearts.org,.org,https://yuearts.org/,200,150,yes,text/html;charset=utf-8,2026-09-12T11:17:24.282Z
snuggle-nest.online,.online,https://snuggle-nest.online/,404,228,yes,text/html; charset=utf-8,2026-09-12T11:17:24.457Z
winbooter.com,.com,https://www.winbooter.com/,401,433,yes,text/html,2026-09-12T11:17:24.459Z
publicidadyaviste.com,.com,https://www.publicidadyaviste.com/,200,373,yes,text/html; charset=utf-8,2026-09-12T11:17:24.625Z
amgbahss.icu,.icu,https://amgbahss.icu/,200,168,yes,text/html; charset=UTF-8,2026-09-12T11:17:24.725Z
servicet.xyz,.xyz,https://servicet.xyz/,404,470,yes,text/html; charset=utf-8,2026-09-12T11:17:24.755Z
statstracker.dev,.dev,https://statstracker.dev/,200,222,yes,text/html,2026-09-12T11:17:24.910Z
ceqtq-saig2-mowpof.work,.work,https://ceqtq-saig2-mowpof.work/,200,498,yes,text/html,2026-09-12T11:17:25.225Z
cuterobotaxi.xyz,.xyz,https://cuterobotaxi.xyz/,403,498,yes,text/html,2026-09-12T11:17:25.512Z
toolsgag.xyz,.xyz,https://toolsgag.xyz/,200,467,yes,text/html,2026-09-12T11:17:27.027Z
voisec.app,.app,http://www.voisec.app/,200,206,yes,text/html,2026-09-12T11:17:27.606Z
terraresourcesghana.com,.com,https://terraresourcesghana.com/,200,186,yes,text/html;charset=utf-8,2026-09-12T11:17:27.706Z
havenmatrix.info,.info,http://havenmatrix.info/,200,371,yes,text/html,2026-09-12T11:17:27.785Z
sofiasantiques.com,.com,https://sofiasantiques.com/,200,168,yes,text/html;charset=utf-8,2026-09-12T11:17:27.877Z
modernmumshealth.com,.com,https://modernmumshealth.com/,200,160,yes,text/html; charset=utf-8,2026-09-12T11:17:27.949Z
puregiftstore.xyz,.xyz,https://puregiftstore.xyz/,403,430,yes,text/html,2026-09-12T11:18:03.982Z
papelariacriatva.site,.site,https://papelariacriatva.site/,200,452,yes,text/html,2026-09-12T11:18:04.143Z
hyda691hudaj2i09das.vip,.vip,https://s830-rewj8es-dsjio9rwjpewr.vip/register?_ts=%3D%3DgMyUiN5czNyUjMxITO4cTMyITJ,200,204,yes,text/html; charset=utf-8,2026-09-12T11:18:48.001Z
organiksiparis.xyz,.xyz,https://organiksiparis.xyz/,200,489,yes,text/html,2026-09-12T11:18:48.010Z
noumenakyro.digital,.digital,https://noumenakyro.digital/,404,260,yes,text/html; charset=utf-8,2026-09-12T11:18:48.190Z
kiinteistorakennuskoskinen.com,.com,https://kiinteistorakennuskoskinen.com/,200,240,yes,text/html;charset=utf-8,2026-09-12T11:18:48.242Z
copenhagenmusicweek.com,.com,https://copenhagenmusicweek.com/,200,280,yes,text/html,2026-09-12T11:18:48.292Z
meghamsh.com,.com,https://meghamsh.com/,200,368,yes,text/html; charset=utf-8,2026-09-12T11:18:48.589Z
xviddd.com,.com,https://xviddd.com/,200,395,yes,text/html; charset=utf-8,2026-09-12T11:18:48.615Z
vantageoppartners.com,.com,https://vantageoppartners.com/,200,227,yes,text/html;charset=utf-8,2026-09-12T11:19:26.476Z
avselmacoskun.com,.com,https://avselmacoskun.com/,200,222,yes,text/html,2026-09-12T11:19:26.840Z
shopmommyease.com,.com,https://shopmommyease.com/password,200,407,yes,text/html; charset=utf-8,2026-09-12T11:19:27.056Z
kjfbmsss.icu,.icu,https://www.youtube.com/playlist?list=UUWo4IA01TXzBeGJJKWHOG9g&cbrd=1&ucbcb=1,200,373,yes,text/html; charset=utf-8,2026-09-12T11:19:27.164Z
jurywork.xyz,.xyz,https://jurywork.xyz/,403,276,yes,text/html,2026-09-12T11:19:29.353Z
artix9.com,.com,http://www.artix9.com/,200,344,yes,text/html,2026-09-12T11:19:55.669Z
convivialcyprus.com,.com,https://convivialcyprus.com/,200,378,yes,text/html; charset=utf-8,2026-09-12T11:19:55.727Z
buylocalfirstlasvegas.com,.com,https://buylocalfirstlasvegas.com/,200,476,yes,text/html; charset=UTF-8,2026-09-12T11:19:55.902Z
runquote.xyz,.xyz,https://runquote.xyz/,403,473,yes,text/html,2026-09-12T11:19:56.164Z
professionalfundingsolution.com,.com,https://professionalfundingsolution.com/,200,471,yes,text/html;charset=utf-8,2026-09-12T11:19:56.812Z
entzule.app,.app,https://entzule.app/,200,177,yes,text/html,2026-09-12T11:19:56.992Z
sreldorado.com,.com,https://sreldorado.com/,200,407,yes,text/html; charset=UTF-8,2026-09-12T11:19:57.246Z
mdfimpiantisrl.com,.com,https://mdfimpiantisrl.it/,200,357,yes,text/html,2026-09-12T11:19:57.280Z
liftedcoach.app,.app,https://liftedcoach.app/,200,321,yes,text/html; charset=utf-8,2026-09-12T11:20:01.447Z
dinizconstrucao.com,.com,https://dinizconstrucao.com/,404,207,yes,text/html; charset=utf-8,2026-09-12T11:20:01.471Z
portopenly.xyz,.xyz,https://portopenly.xyz/,403,173,yes,text/html,2026-09-12T11:20:01.529Z
solarisrealms.net,.net,https://solarisrealms.net/,525,151,yes,text/html; charset=UTF-8,2026-09-12T11:20:01.683Z
46390.app,.app,https://46390.app:8881/index.html?shareName=46390.app&proxyAccount=,200,178,yes,text/html; charset=utf-8,2026-09-12T11:20:02.102Z
everythingispretend.com,.com,https://everythingispretend.com/,200,263,yes,text/html;charset=utf-8,2026-09-12T11:20:02.122Z
solvealab.com,.com,https://lievos.com/password,200,216,yes,text/html; charset=utf-8,2026-09-12T11:20:02.311Z
taya771.best,.best,https://taya771.best/,403,169,yes,text/html,2026-09-12T11:20:02.794Z
valleydesigncoidaho.com,.com,https://valleydesigncoidaho.com/,200,215,yes,text/html;charset=utf-8,2026-09-12T11:20:02.888Z
electromobileinvestment.com,.com,https://electromobileinvestment.com/,200,285,yes,text/html; charset=utf-8,2026-09-12T11:20:03.081Z
sidesgpu.xyz,.xyz,https://sidesgpu.xyz/,200,477,yes,text/html,2026-09-12T11:20:04.034Z
marketsymbol.xyz,.xyz,https://marketsymbol.xyz/,403,158,yes,text/html,2026-09-12T11:20:05.122Z
apu15.xyz,.xyz,https://apu15.xyz/,403,161,yes,text/html,2026-09-12T11:20:05.286Z
gpushake.xyz,.xyz,https://gpushake.xyz/,403,163,yes,text/html,2026-09-12T11:20:05.613Z
nhava.net,.net,https://nhava.net/,404,256,yes,text/html; charset=utf-8,2026-09-12T11:20:07.654Z
bluecloudbase-joojebiabokhoreshbaba.lat,.lat,https://bluecloudbase-joojebiabokhoreshbaba.lat/,403,364,yes,text/html,2026-09-12T11:20:18.062Z
myagent2030.com,.com,https://myagent2030.com/,200,323,yes,text/html;charset=utf-8,2026-09-12T11:20:18.084Z
ht22xuex.com,.com,https://ht22xuex.com/,200,455,yes,text/html; charset=utf-8,2026-09-12T11:20:18.223Z
gss-ops.net,.net,https://gss-ops.net/,200,460,yes,text/html;charset=utf-8,2026-09-12T11:20:18.526Z
kalixvillas.com,.com,https://kalixvillas.com/,200,318,yes,text/html; charset=UTF-8,2026-09-12T11:20:18.847Z
masterrclass.com,.com,https://masterrclass.com/executive,200,102,yes,text/html; charset=utf-8,2026-09-12T11:20:18.949Z
mujersaludable.online,.online,https://mujersaludable.online/,200,283,yes,text/html,2026-09-12T11:20:19.234Z
djmisawa.com,.com,https://djmisawa.com/,200,276,yes,text/html; charset=utf-8,2026-09-12T11:20:42.172Z
billybetsau.com,.com,https://billybetsau.com/,200,304,yes,text/html; charset=utf-8,2026-09-12T11:20:42.455Z
redcedarpestcontrol.cyou,.cyou,https://redcedarpestcontrol.cyou/,200,285,yes,text/html; charset=utf-8,2026-09-12T11:20:42.461Z
iigff.org,.org,https://iigff.org/,200,371,yes,text/html; charset=utf-8,2026-09-12T11:20:42.761Z
tuhut.tech,.tech,https://tuhut.tech/,200,412,yes,text/html,2026-09-12T11:20:42.803Z
tractgpu.xyz,.xyz,https://tractgpu.xyz/,403,408,yes,text/html,2026-09-12T11:20:42.864Z
stockfagot.xyz,.xyz,https://stockfagot.xyz/,403,166,yes,text/html,2026-09-12T11:20:43.113Z
phonelookuprs97lrlr.cfd,.cfd,https://phonelookuprs97lrlr.cfd/,200,362,yes,text/html; charset=UTF-8,2026-09-12T11:20:43.228Z
zeliomarket.com,.com,https://zeliomarket.com/,200,310,yes,text/html; charset=utf-8,2026-09-12T11:20:45.144Z
stopgoldmoon.shop,.shop,https://stopgoldmoon.shop/,404,372,yes,text/html; charset=utf-8,2026-09-12T11:20:45.369Z
rxckoutplug.store,.store,http://rxckoutplug.store/,409,43,yes,text/html; charset=UTF-8,2026-09-12T11:20:45.400Z
pschentaxo.digital,.digital,https://pschentaxo.digital/,404,365,yes,text/html; charset=utf-8,2026-09-12T11:20:45.540Z
punktotook.com,.com,https://punktotook.com/,200,478,yes,text/html,2026-09-12T11:20:45.626Z
2shy2say.app,.app,http://2shy2say.app/,200,178,yes,text/html,2026-09-12T11:20:45.652Z
expressgologistics.com,.com,https://expressgologistics.com/,403,214,yes,text/html,2026-09-12T11:20:45.868Z
zeraliafrica.com,.com,http://zeraliafrica.com/,200,413,yes,text/html,2026-09-12T11:20:45.960Z
sanbenitofe.online,.online,https://sanbenitofe.online/,200,445,yes,text/html,2026-09-12T11:20:46.012Z
emeraldaddis.com,.com,https://emeraldaddis.com/,200,265,yes,text/html,2026-09-12T11:20:46.228Z
kozmicwanton.info,.info,http://kozmicwanton.info/,200,60,yes,text/html,2026-09-12T11:20:46.729Z
scenariscript.com,.com,https://scenariscript.com/,200,148,yes,text/html,2026-09-12T11:20:46.878Z
vrsafeguarding.com,.com,https://vrsafeguarding.com/,200,349,yes,text/html,2026-09-12T11:20:47.225Z
buzzpulsfox.info,.info,https://buzzpulsfox.info/,502,349,yes,text/html; charset=UTF-8,2026-09-12T11:20:47.245Z
naumuhub.com,.com,https://naumu.ai/,200,372,yes,text/html; charset=utf-8,2026-09-12T11:20:47.282Z
robotaxilove.xyz,.xyz,https://robotaxilove.xyz/,403,234,yes,text/html,2026-09-12T11:20:47.363Z
joinedgemgt.com,.com,https://edgemgmtllc.com/,200,257,yes,text/html; charset=UTF-8,2026-09-12T11:20:47.382Z
ozcanaykulsigorta.xyz,.xyz,https://ozcanaykulsigorta.xyz/,403,149,yes,text/html,2026-09-12T11:20:47.395Z
exanimeswap.xyz,.xyz,https://exanimeswap.xyz/,403,150,yes,text/html,2026-09-12T11:20:47.535Z
thegreekfiles.com,.com,https://thegreekfiles.com/,200,273,yes,text/html; charset=utf-8,2026-09-12T11:20:47.559Z
robotaxidit.xyz,.xyz,https://robotaxidit.xyz/,403,196,yes,text/html,2026-09-12T11:20:47.593Z
gilnoziere.com,.com,http://gilnoziere.com/404.html,200,460,yes,text/html,2026-09-12T11:20:47.631Z
betkolik1380.com,.com,https://betkolik1380.com/,200,483,yes,text/html,2026-09-12T11:20:47.711Z
multiadd.xyz,.xyz,https://multiadd.xyz/,403,234,yes,text/html,2026-09-12T11:20:47.830Z
salvobet143.com,.com,http://www.salvobet143.com/,200,415,yes,text/html,2026-09-12T11:20:47.944Z
yazmost.com,.com,https://yazmost.com/login,200,41,yes,text/html; charset=utf-8,2026-09-19T14:20:08.710Z
thestellarcoreascend.com,.com,https://highlyeffectiveorganizations.org/,200,136,yes,text/html; charset=UTF-8,2026-09-19T14:20:10.920Z
xcqnet.com,.com,https://www.xcqnet.com/,200,134,yes,text/html; charset=utf-8,2026-09-19T14:20:11.130Z
casino-lucky-meister.com,.com,https://casino-lucky-meister.com/,403,129,yes,text/html; charset=UTF-8,2026-09-19T14:20:11.336Z
zlatypribeh.com,.com,https://zlatypribeh.com/,200,138,yes,text/html,2026-09-19T14:20:11.984Z
kedziewindows.com,.com,https://kedziewindows.com/,200,132,yes,text/html; charset=UTF-8,2026-09-19T14:20:13.597Z
moochandpooch.com,.com,https://domains.atom.com/lpd/name/moochandpooch.com,403,110,yes,text/html; charset=UTF-8,2026-09-19T14:20:26.493Z
etongke.com,.com,https://etongke.com/,403,94,yes,text/html; charset=UTF-8,2026-09-19T14:20:26.518Z
crusadocasino-pt.com,.com,https://crusadocasino-pt.com/,403,117,yes,text/html; charset=UTF-8,2026-09-19T14:20:29.618Z
paperlunera.com,.com,https://paperlunera.com/en/a/,200,60,yes,text/html,2026-09-19T14:20:33.704Z
house-of-consultancy.com,.com,http://house-of-consultancy.com/,403,71,yes,text/html,2026-09-19T14:20:34.460Z
nfcplease.com,.com,https://nfcplease.com/,200,144,yes,text/html,2026-09-19T14:20:35.801Z
tntriallawyer.com,.com,https://nordvpn.com/?vpn=brand&nc=20785911979&nm=cpc&nt=nordvpn&na=160954516492,403,121,yes,text/html; charset=UTF-8,2026-09-19T14:20:35.883Z
abastomarsa.com,.com,https://abastomarsa.com/,200,150,yes,text/html;charset=utf-8,2026-09-19T14:20:36.017Z
rsgconstructioncorp.com,.com,https://rsgconstructioncorp.com/,200,150,yes,text/html; charset=UTF-8,2026-09-19T14:20:36.435Z
lopezflatwork.com,.com,https://lopezflatwork.com/,200,134,yes,text/html,2026-09-19T14:20:42.487Z
livingstyledesign.com,.com,https://livingstyledesign.com/,403,106,yes,text/html; charset=UTF-8,2026-09-19T14:20:42.491Z
kingscircles.com,.com,https://kingscircles.com/,200,140,yes,text/html,2026-09-19T14:20:44.213Z
agence-du-sud.com,.com,https://agence-du-sud.com/,200,149,yes,text/html;charset=utf-8,2026-09-19T14:20:44.725Z
zhen-ran.com,.com,https://zhen-ran.com/,403,109,yes,text/html; charset=UTF-8,2026-09-19T14:20:45.986Z
abitab-59-0.com,.com,https://abitab-59-0.com/,200,145,yes,text/html;charset=utf-8,2026-09-19T14:20:46.323Z
linksysthailand.com,.com,https://linksysthailand.com/,403,126,yes,text/html; charset=UTF-8,2026-09-19T14:20:47.938Z
corepaii-dc.com,.com,https://corepaii-dc.com/,200,146,yes,text/html; charset=utf-8,2026-09-19T14:20:49.542Z
jocabi.com,.com,http://www.jocabi.com/,200,117,yes,text/html; charset=utf8,2026-09-19T14:20:50.860Z
bekzuno.com,.com,https://bekzuno.com/,200,150,yes,text/html,2026-09-19T14:21:01.846Z
westerngrowersinns.com,.com,https://westerngrowersinns.com/,200,149,yes,text/html,2026-09-19T14:21:02.242Z
xn--teleginielschung-vwb.com,.com,http://xn--teleginielschung-vwb.com/,200,149,yes,text/html,2026-09-19T14:21:03.809Z
getformove.com,.com,http://getformove.com/,200,140,yes,text/html,2026-09-19T14:21:06.728Z
pipelinenursinghome.com,.com,https://pipelinenursinghome.com/,404,120,yes,text/html,2026-09-19T14:21:07.946Z
titanwin168v.com,.com,https://titanwin168v.com/,403,113,yes,text/html; charset=UTF-8,2026-09-19T14:21:08.001Z
boom-manufaktur.com,.com,http://boom-manufaktur.com/,404,57,yes,text/html; charset=iso-8859-1,2026-09-19T14:21:08.116Z
dayazhai.com,.com,https://domains.atom.com/lpd/name/dayazhai.com,403,92,yes,text/html; charset=UTF-8,2026-09-19T14:21:08.708Z
futuregrowinvestmentpartners.com,.com,http://futuregrowinvestmentpartners.com/,200,38,yes,text/html,2026-09-19T14:21:20.560Z
loveessencegiftworks.com,.com,https://loveessencegiftworks.com/,403,133,yes,text/html; charset=UTF-8,2026-09-19T14:21:20.697Z
ajdova.com,.com,https://domains.atom.com/lpd/name/ajdova.com,403,104,yes,text/html; charset=UTF-8,2026-09-19T14:21:22.507Z
nextlexicon.com,.com,https://www.atom.com/name/NextLexicon,403,110,yes,text/html; charset=UTF-8,2026-09-19T14:21:26.902Z
cloakingagent.com,.com,http://cloakingagent.com/,200,84,yes,text/html; charset=UTF-8,2026-09-19T14:21:31.866Z
wovenafans.com,.com,https://wovenafans.com/en/,200,131,yes,text/html; charset=utf-8,2026-09-19T14:21:32.088Z
yourforevermain.com,.com,http://yourforevermain.com/,200,59,yes,text/html,2026-09-19T14:21:37.720Z
promote-n-wrestle.com,.com,https://promote-n-wrestle.com/login,200,111,yes,text/html; charset=utf-8,2026-09-19T14:22:09.584Z
dtg288b.com,.com,https://dtg288b.com/,200,144,yes,text/html; charset=utf-8,2026-09-19T14:22:11.335Z
pablopilanski.com,.com,https://pablopilanski.com/en,200,121,yes,text/html; charset=utf-8,2026-09-19T14:22:11.703Z
wilkinsmultilingual.com,.com,https://wilkinsmultilingual.com/,200,128,yes,text/html;charset=utf-8,2026-09-19T14:22:24.534Z
snw-signage.com,.com,https://snw-signage.com/,200,133,yes,text/html; charset=utf-8,2026-09-19T14:22:25.088Z
eventeam-gruop.com,.com,https://eventeam-gruop.com/,200,139,yes,text/html,2026-09-19T14:22:29.392Z
tribalvipassana.com,.com,https://tribalvipassana.com/,200,138,yes,text/html;charset=utf-8,2026-09-19T14:22:29.533Z
andreaporter.com,.com,https://andreaporter.com/,403,117,yes,text/html; charset=UTF-8,2026-09-19T14:22:30.318Z
simex-chem.com,.com,http://simex-chem.com/,404,134,yes,text/html; charset=UTF-8,2026-09-19T14:22:32.857Z
eventsbychintz.com,.com,http://eventsbychintz.com/,200,90,yes,text/html,2026-09-19T14:22:44.856Z
kavoagent.com,.com,https://kavoagent.com/login.php,200,135,yes,text/html; charset=UTF-8,2026-09-19T14:22:45.380Z
hybrid001.com,.com,https://hybrid001.com/,200,131,yes,text/html; charset=utf-8,2026-09-19T14:22:45.384Z
amrittulyafb.com,.com,https://amrittulyafb.com/,200,133,yes,text/html,2026-09-19T14:22:45.480Z
elxrtechnologies.com,.com,https://elxrtechnologies.com/,200,107,yes,text/html; charset=utf-8,2026-09-19T14:23:55.959Z
parfumcreation.com,.com,https://parfumcreation.com/,200,134,yes,text/html,2026-09-19T14:23:55.977Z
lovingyourself2018.com,.com,https://lovingyourself2018.com/,200,117,yes,text/html; charset=utf-8,2026-09-19T14:24:06.340Z
expresssandik.com,.com,https://expresssandik.com/anasayfa,200,154,yes,text/html; charset=utf-8,2026-09-19T14:24:06.600Z
audit-visibilite-ia.com,.com,http://audit-visibilite-ia.com/,200,75,yes,text/html,2026-09-19T14:24:06.671Z
stragik.com,.com,https://stragik.com/,200,87,yes,text/html;charset=utf-8,2026-09-19T14:24:06.690Z
try-foundational.com,.com,https://try-foundational.com/,403,125,yes,text/html,2026-09-19T14:24:06.818Z
glasscasestudio.com,.com,https://glasscasestudio.com/,200,184,yes,text/html; charset=utf-8,2026-09-19T14:24:06.858Z
aquashield-waterproofing.com,.com,https://www.aquashield-waterproofing.com/,200,101,yes,text/html; charset=utf-8,2026-09-19T14:24:07.047Z
southshoresurprises.com,.com,https://southshoresurprises.com/,200,102,yes,text/html;charset=utf-8,2026-09-19T14:24:07.293Z
reggiefinance.com,.com,https://app.reggiefinance.com/,200,96,yes,text/html; charset=utf-8,2026-09-19T14:24:07.527Z
trycitablecheck.com,.com,https://trycitablecheck.com/,404,87,yes,text/html; charset=utf-8,2026-09-19T14:24:07.719Z
joshsghettogarage.com,.com,https://joshsghettogarage.com/Account/Login?ReturnUrl=%2F,200,160,yes,text/html; charset=utf-8,2026-09-19T14:24:08.558Z
sapphiraprivemanacor.com,.com,https://sapphiraprivemanacor.com/,200,94,yes,text/html,2026-09-19T14:24:09.821Z
mein-jobportal.com,.com,https://mein-jobportal.com/,200,140,yes,text/html,2026-09-19T14:24:10.815Z
exprestrans2018.com,.com,https://exprestrans2018.com/,200,114,yes,text/html;charset=utf-8,2026-09-19T14:24:11.012Z
usainsurancegroups.com,.com,https://usainsurancegroups.com/,200,104,yes,text/html;charset=utf-8,2026-09-19T14:24:11.253Z
creatrcrew.com,.com,https://creatrcrew.com/,200,107,yes,text/html; charset=utf-8,2026-09-19T14:24:12.084Z
herfreedomformula.com,.com,http://www.herfreedomformula.com/,200,97,yes,text/html,2026-09-19T14:24:12.278Z
seguinangers.com,.com,https://seguinangers.com/,200,108,yes,text/html;charset=utf-8,2026-09-19T14:24:12.728Z
vippark743.com,.com,http://www.vippark743.com/,200,99,yes,text/html,2026-09-19T14:24:12.776Z
denisremovals.com,.com,https://www.denisremovals.com/,200,123,yes,text/html,2026-09-19T14:24:21.550Z
hishamabdulla.com,.com,https://hishamabdulla.com/,200,128,yes,text/html; charset=utf-8,2026-09-19T14:24:21.864Z
baby-idols.com,.com,http://baby-idols.com/,200,73,yes,text/html; charset=UTF-8,2026-09-19T14:24:21.947Z
usecaplineco.com,.com,https://breathe.financial/,200,182,yes,text/html; charset=UTF-8,2026-09-19T14:24:22.044Z
thecoutier.com,.com,https://www.thecoutier.com/,200,149,yes,text/html;charset=utf-8,2026-09-19T14:24:22.057Z
dktradingpost.com,.com,https://dktradingpost.com/,200,119,yes,text/html;charset=utf-8,2026-09-19T14:24:22.360Z
deepellumfoodtour.com,.com,https://deepellumfoodtour.com/,200,138,yes,text/html,2026-09-19T14:24:22.538Z
webfoundryhq.com,.com,https://www.webfoundryhq.com/,200,94,yes,text/html; charset=utf-8,2026-09-19T14:24:22.544Z
dongshinrental.com,.com,https://dongshinrental.com/,200,116,yes,text/html;charset=utf-8,2026-09-19T14:24:22.662Z
holatranqui.com,.com,https://holatranqui.com/,200,95,yes,text/html; charset=utf-8,2026-09-19T14:24:22.760Z
1heart1soulempowerment.com,.com,https://1heart1soulempowerment.com/,200,156,yes,text/html,2026-09-19T14:24:22.929Z
coastbespokewalls.com,.com,https://coastbespokewalls.com/,404,186,yes,text/html; charset=utf-8,2026-09-19T14:24:23.041Z
westvirginiamineralradar.com,.com,https://westvirginiamineralradar.com/,200,134,yes,text/html; charset=utf-8,2026-09-19T14:24:23.067Z
johnmicom.com,.com,https://johnmicom.com/,200,119,yes,text/html;charset=utf-8,2026-09-19T14:24:23.168Z
horizonconstructions1.com,.com,https://horizonconstructions1.com/,200,164,yes,text/html;charset=utf-8,2026-09-19T14:24:23.335Z
wbohman.com,.com,https://wbohman.com/,200,108,yes,text/html;charset=utf-8,2026-09-19T14:24:23.445Z
email-mikeredondo.com,.com,https://email-mikeredondo.com/,200,121,yes,text/html;charset=utf-8,2026-09-19T14:24:26.654Z
preventubers.com,.com,http://www.preventubers.com/,200,108,yes,text/html; charset=utf8,2026-09-19T14:24:26.819Z
62-bonuseria-1.com,.com,https://62-bonuseria-1.com/not-allowed?startUrl=/,200,188,yes,text/html; charset=utf-8,2026-09-19T14:24:27.081Z
deivisgz.com,.com,https://deivisgz.com/,200,120,yes,text/html; charset=utf-8,2026-09-19T14:24:28.453Z
ankhawy.com,.com,http://www.ankhawy.com/,200,173,yes,text/html,2026-09-19T14:24:29.657Z
lbca13.com,.com,http://www.lbca13.com/,200,83,yes,text/html; charset=utf8,2026-09-19T14:24:29.858Z
anandainstituto.com,.com,https://anandainstituto.com/,200,116,yes,text/html;charset=utf-8,2026-09-19T14:24:29.975Z
societe-chauffage-du-nord.com,.com,https://societe-chauffage-du-nord.com/,200,145,yes,text/html; charset=utf-8,2026-09-19T14:24:30.103Z
bahiscasino3134.com,.com,http://www.bahiscasino3134.com/,200,119,yes,text/html,2026-09-19T14:24:30.133Z
